,COMUNAS,BARRIOS,LUGAR_DEL_HECHO,N_VICTIMAS,pos x,pos y
0,8,VILLA LUGANO - VILLA RIACHUELO - VILLA SOLDATI,AV PIEDRA BUENA Y AV FERNANDEZ DE LA CRUZ,1,-58.47533969,-34.68757022
1,9,LINIERS - MATADEROS - PARQUE AVELLANEDA,AV GRAL PAZ  Y AV DE LOS CORRALES,1,-58.50877521,-34.66977709
2,1,CONSTITUCION - MONTSERRAT - PUERTO MADERO - RETIRO - SAN NICOLAS - SAN TELMO,AV ENTRE RIOS 2034,1,-58.39040293,-34.63189362
3,8,VILLA LUGANO - VILLA RIACHUELO - VILLA SOLDATI,AV LARRAZABAL Y GRAL VILLEGAS CONRADO,1,-58.46503904,-34.68092974
4,1,CONSTITUCION - MONTSERRAT - PUERTO MADERO - RETIRO - SAN NICOLAS - SAN TELMO,AV SAN JUAN Y PRESIDENTE LUIS SAENZ PEÑA ,1,-58.38718297,-34.6224663
5,8,VILLA LUGANO - VILLA RIACHUELO - VILLA SOLDATI,AV 27 DE FEBRERO Y AV ESCALADA,1,-58.44451316,-34.68475866
6,11,VILLA DEL PARQUE - VILLA  DEVOTO - VILLA GRAL. MITRE - VILLA SANTA RITA,NOGOYA Y JOAQUIN V. GONZALES,1,-58.50095869,-34.6082544
7,9,LINIERS - MATADEROS - PARQUE AVELLANEDA,AV GENERAL PAZ Y AV DE LOS CORRALES,1,-58.50877521,-34.66977709
8,1,CONSTITUCION - MONTSERRAT - PUERTO MADERO - RETIRO - SAN NICOLAS - SAN TELMO,AV BELGRANO Y BERNARDO DE IRIGOYEN,1,-58.38048577,-34.61303893
9,1,CONSTITUCION - MONTSERRAT - PUERTO MADERO - RETIRO - SAN NICOLAS - SAN TELMO,AV ENTRE RIOS 1366,1,-58.39114932,-34.62477387
10,15,AGRONOMIA - CHACARITA -  PARQUE CHAS -  PATERNAL - VILLA CRESPO - VILLA ORTUZAR,AV SCALABRINI ORTIZ Y VERA,1,-58.4376002,-34.59912758
11,4,BARRACAS - BOCA - NUEVA POMPEYA - PARQUE PATRICIOS,AV REGIMIENTO DE PATRICIOS Y QUINQUELA MARTIN BENITO,1,-58.36882665,-34.64291993
12,8,VILLA LUGANO - VILLA RIACHUELO - VILLA SOLDATI,MARIANO ACOSTA Y ANA MARIA JANER,1,-58.44989671,-34.65970435
13,9,LINIERS - MATADEROS - PARQUE AVELLANEDA,LISANDRO DE LA TORRE Y SEVERO GARCIA GRANDE DE ZEQUEIRA ,1,-58.50990884,-34.65468721
14,1,CONSTITUCION - MONTSERRAT - PUERTO MADERO - RETIRO - SAN NICOLAS - SAN TELMO,SUIPACHA 156,1,-58.37952223,-34.60653282
15,7,FLORES - PARQUE CHACABUCO,AV DIRECTORIO Y CURAPALIGUE,1,-58.45157703,-34.63063795
16,1,CONSTITUCION - MONTSERRAT - PUERTO MADERO - RETIRO - SAN NICOLAS - SAN TELMO,AV 9 DE JULIO Y ADOLFO ALSINA,1,-58.38144696,-34.61079875
17,8,VILLA LUGANO - VILLA RIACHUELO - VILLA SOLDATI,AV GRAL PAZ Y AV 27 DE FEBRERO,1,-58.46244952,-34.70524971
18,12,COGHLAN - SAAVEDRA - VILLA PUEYRREDON - VILLA URQUIZA,HOLMBERG Y VEDIA,1,-58.49216191,-34.54738649
19,7,FLORES - PARQUE CHACABUCO,CURAPALIGUE Y AVELINO DIAZ,1,-58.44497874,-34.63852623
20,1,CONSTITUCION - MONTSERRAT - PUERTO MADERO - RETIRO - SAN NICOLAS - SAN TELMO,VIAMONTE Y AV 9 DE JULIO,1,-58.38199706,-34.60028648
21,12,COGHLAN - SAAVEDRA - VILLA PUEYRREDON - VILLA URQUIZA,AV CABILDO Y DEHEZA,1,-58.47378664,-34.54153077
22,8,VILLA LUGANO - VILLA RIACHUELO - VILLA SOLDATI,AV GRAL PAZ Y AV CNEL ROCA,1,-58.47064556,-34.69843756
23,4,BARRACAS - BOCA - NUEVA POMPEYA - PARQUE PATRICIOS,AV AMANCIO ALCORTA Y BONAVENA,1,-58.40623949,-34.65076549
24,3,BALVANERA - SAN CRISTOBAL,AV CORRIENTES Y AV CALLAO,1,-58.39228965,-34.60443527
25,4,BARRACAS - BOCA - NUEVA POMPEYA - PARQUE PATRICIOS,HERRERA Y ARISTOBULO DEL VALLE,1,-58.37813396,-34.63668504
26,7,FLORES - PARQUE CHACABUCO,AV. EVA PERON Y QUIRNO,1,-58.46275892,-34.64358293
27,8,VILLA LUGANO - VILLA RIACHUELO - VILLA SOLDATI,AV GRAL PAZ COLECTORA Y ZUVIRIA,1,-58.49683458,-34.67892743
28,3,BALVANERA - SAN CRISTOBAL,BARTOLOME MITRE Y AV PUEYRREDON,1,-58.40603217,-34.6088396
29,7,FLORES - PARQUE CHACABUCO,AV DIRECTORIO Y RIVERA INDARTE,2,-58.4607655,-34.63350444
30,7,FLORES - PARQUE CHACABUCO,AV DIRECTORIO Y RIVERA INDARTE,2,-58.4607655,-34.63350444
31,8,VILLA LUGANO - VILLA RIACHUELO - VILLA SOLDATI,DELLEPIANE LUIS TTE GRAL COLECTORA Y MURGUIONDO,1,-58.47832463,-34.67494416
32,7,FLORES - PARQUE CHACABUCO,AV JOSE MARIA MORENO Y BALBASTRO,1,-58.43213235,-34.63693953
33,13,BELGRANO - COLEGIALES - NUÃ‘EZ,AV GRAL PAZ Y AV DEL LIBERTADOR,1,-58.46743471,-34.53476874
34,1,CONSTITUCION - MONTSERRAT - PUERTO MADERO - RETIRO - SAN NICOLAS - SAN TELMO,LIMA 1483,1,-58.38247061,-34.62571878
35,15,AGRONOMIA - CHACARITA -  PARQUE CHAS -  PATERNAL - VILLA CRESPO - VILLA ORTUZAR,AV. CORRIENTES Y AV. DORREGO,1,-58.44759966,-34.5917024
36,4,BARRACAS - BOCA - NUEVA POMPEYA - PARQUE PATRICIOS,"AUTOPISTA 1 SUR PRESIDENTE ARTURO FRONDIZI KM. 0,700",1,-58.37714647568196,-34.63657525428238
37,8,VILLA LUGANO - VILLA RIACHUELO - VILLA SOLDATI,TIMOTEO GORDILLO Y AV FERNANDEZ DE LA CRUZ,1,-58.47305463,-34.68550712
38,4,BARRACAS - BOCA - NUEVA POMPEYA - PARQUE PATRICIOS,AV AMANCIO ALCORTA Y BONAVENA,1,-58.40623949,-34.65076549
39,13,BELGRANO - COLEGIALES - NUÃ‘EZ,AUTOPISTA LUGONES PK 10000,1,,
40,12,COGHLAN - SAAVEDRA - VILLA PUEYRREDON - VILLA URQUIZA,AV TRIUNVIRATO Y AV OLAZABAL,1,-58.4842918,-34.57558053
41,8,VILLA LUGANO - VILLA RIACHUELO - VILLA SOLDATI,AU LUIS DELLEPIANE Y AV GRAL PAZ,1,-58.48695354,-34.68795245
42,14,PALERMO,RAMON CASTILLA Y AV FIGUEROA ALCORTA,1,-58.40021959,-34.57964781
43,14,PALERMO,AV LUIS MARIA CAMPOS 30,1,-58.42957885,-34.57660058
44,1,CONSTITUCION - MONTSERRAT - PUERTO MADERO - RETIRO - SAN NICOLAS - SAN TELMO,LIMA 1471,1,-58.38247542,-34.62556293
45,1,CONSTITUCION - MONTSERRAT - PUERTO MADERO - RETIRO - SAN NICOLAS - SAN TELMO,PASAJE CIUDADELA Y LIMA OESTE,1,-58.38222219,-34.62728101
46,10,FLORESTA - MONTE CASTRO - VELEZ SARSFIELD - VERSALLES - VILLA LURO - VILLA REAL,AV JUAN B JUSTO Y AV CARRASCO,1,-58.49485242,-34.62953445
47,6,CABALLITO,AV GAONA Y ESPINOSA,1,-58.45227946,-34.61068024
48,8,VILLA LUGANO - VILLA RIACHUELO - VILLA SOLDATI,AV LISANDRO DE LA TORRE Y SARAZA,1,-58.48455411,-34.6751276
49,2,RECOLETA,AV FIGUEROA ALCORTA Y AV PUEYRREDON,1,-58.39056593,-34.58418569
50,3,BALVANERA - SAN CRISTOBAL,AV ENTRE RIOS Y PASAJE FILIBERTO,1,-58.39118948,-34.62704273
51,10,FLORESTA - MONTE CASTRO - VELEZ SARSFIELD - VERSALLES - VILLA LURO - VILLA REAL,MAGARIÑOS CERVANTES 3900,1,-58.49021952,-34.62025108
52,8,VILLA LUGANO - VILLA RIACHUELO - VILLA SOLDATI,AV GRAL PAZ Y RODOLFO SCAPINO,1,-58.49896559,-34.67732118
53,8,VILLA LUGANO - VILLA RIACHUELO - VILLA SOLDATI,AUTOPISTA DELLEPIANE LUIS TTE GRAL Y MIRALLA,1,-58.47461076,-34.66874679
54,15,AGRONOMIA - CHACARITA -  PARQUE CHAS -  PATERNAL - VILLA CRESPO - VILLA ORTUZAR,AV SAN MARTIN Y CAMARONES,1,-58.46210891,-34.60356211
55,1,CONSTITUCION - MONTSERRAT - PUERTO MADERO - RETIRO - SAN NICOLAS - SAN TELMO,TTEG JUAN D PERON Y AVDA LEANDRO N ALEM,1,-58.3702777,-34.60536123
56,3,BALVANERA - SAN CRISTOBAL,AV BELGRANO Y AV JUJUY,1,-58.40491455,-34.6146383
57,13,BELGRANO - COLEGIALES - NUÃ‘EZ,AV DEL LIBERTADOR Y AV GUILLERMO UDAONDO,1,-58.45504154,-34.54864492
58,9,LINIERS - MATADEROS - PARQUE AVELLANEDA,AV GRAL PAZ Y AV RIVADAVIA,1,-58.52927982,-34.63931752
59,12,COGHLAN - SAAVEDRA - VILLA PUEYRREDON - VILLA URQUIZA,AV CRISOLOGO LARRALDE Y MACHAIN,1,-58.4872106,-34.55904606
60,4,BARRACAS - BOCA - NUEVA POMPEYA - PARQUE PATRICIOS,AV LA PLATA 2384,1,-58.42273092,-34.64228803
61,6,CABALLITO,AV JUAN B ALBERDI Y PUAN,1,-58.44788671,-34.62539009
62,1,CONSTITUCION - MONTSERRAT - PUERTO MADERO - RETIRO - SAN NICOLAS - SAN TELMO,CARLOS PELLEGRINI Y TUCUMAN,1,-58.38110563,-34.60135531
63,4,BARRACAS - BOCA - NUEVA POMPEYA - PARQUE PATRICIOS,AVDA ITE FRANCISCO RABANAL & AVDA EREZCANO,1,-58.42378834,-34.657341
64,10,FLORESTA - MONTE CASTRO - VELEZ SARSFIELD - VERSALLES - VILLA LURO - VILLA REAL,AV OLIVERA Y RAMON FALCON,1,-58.48727942,-34.63652467
65,1,CONSTITUCION - MONTSERRAT - PUERTO MADERO - RETIRO - SAN NICOLAS - SAN TELMO,AUTOPISTA 1 SUR PTE ARTURO FRONDIZI Y AV CASEROS,1,-58.37864583,-34.62907067
66,12,COGHLAN - SAAVEDRA - VILLA PUEYRREDON - VILLA URQUIZA,CERETTI Y NUÑEZ,1,-58.5015175,-34.56767549
67,13,BELGRANO - COLEGIALES - NUÃ‘EZ,AV LUGONES Y LA PAMPA,1,-58.43233425,-34.55185825
68,5,ALMAGRO - BOEDO,JERONIMO SALGUERO Y AV RIVADAVIA,1,-58.41971993,-34.6111224
69,13,BELGRANO - COLEGIALES - NUÃ‘EZ,AV GRAL PAZ Y AV LIBERTADOR ,1,-58.46743471,-34.53476874
70,6,CABALLITO,AV JUAN B ALBERDI Y EMILIO MITRE,1,-58.44362126,-34.62301748
71,11,VILLA DEL PARQUE - VILLA  DEVOTO - VILLA GRAL. MITRE - VILLA SANTA RITA,MERCEDES Y AV GRAL MOSCONI,1,-58.51713095,-34.59546519
72,8,VILLA LUGANO - VILLA RIACHUELO - VILLA SOLDATI,"AUTOPISTA DELLEPIANE LUIS TTE. GRAL. KM. 2,3",1,-58.47433193007387,-34.66684950051973
73,1,CONSTITUCION - MONTSERRAT - PUERTO MADERO - RETIRO - SAN NICOLAS - SAN TELMO,SOLIS Y MEXICO,1,-58.39038605,-34.6156281
74,3,BALVANERA - SAN CRISTOBAL,AV SAN JUAN Y ALBERTI,1,-58.40042405,-34.62356174
75,11,VILLA DEL PARQUE - VILLA  DEVOTO - VILLA GRAL. MITRE - VILLA SANTA RITA,AV GRAL MOSCONI Y AV GRAL PAZ,1,-58.52340614,-34.59798754
76,12,COGHLAN - SAAVEDRA - VILLA PUEYRREDON - VILLA URQUIZA,AV GRAL PAZ  Y DONADO,1,-58.49491054,-34.54795581
77,9,LINIERS - MATADEROS - PARQUE AVELLANEDA,AV GRAL PAZ Y JORGE CHAVEZ,1,-58.52932872,-34.65014993
78,9,LINIERS - MATADEROS - PARQUE AVELLANEDA,AV EVA PERON Y JOSE LEON SUAREZ,1,-58.50011639,-34.67316502
79,9,LINIERS - MATADEROS - PARQUE AVELLANEDA,ZINNY Y AV SANTIAGO DE COMPOSTELA,1,-58.46635001,-34.65624369
80,15,AGRONOMIA - CHACARITA -  PARQUE CHAS -  PATERNAL - VILLA CRESPO - VILLA ORTUZAR,AV FEDERICO LACROZE Y FRAGA,1,-58.45343236,-34.58435809
81,1,CONSTITUCION - MONTSERRAT - PUERTO MADERO - RETIRO - SAN NICOLAS - SAN TELMO,CARLOS PELLEGRINI Y AV DEL LIBERTADOR,1,-58.38090932,-34.58927731
82,4,BARRACAS - BOCA - NUEVA POMPEYA - PARQUE PATRICIOS,AUTOPISTA 9 DE JULIO SUR ALT AV MENDOZA,1,-58.37157668,-34.65429986
83,9,LINIERS - MATADEROS - PARQUE AVELLANEDA,AUTOPISTA PERITO MORENO Y BARRAGAN,1,-58.52280139,-34.63659934
84,9,LINIERS - MATADEROS - PARQUE AVELLANEDA,AV ALBERDI Y CARHUE,1,-58.51232237,-34.6590353
85,15,AGRONOMIA - CHACARITA -  PARQUE CHAS -  PATERNAL - VILLA CRESPO - VILLA ORTUZAR,AUTOPISTA LEOPOLDO LUGONES Y LA PAMPA,1,-58.47461905,-34.57663634
86,1,CONSTITUCION - MONTSERRAT - PUERTO MADERO - RETIRO - SAN NICOLAS - SAN TELMO,AUTOPISTA 25 DE MAYO AUTOPISTA 1 SUR ARTURO FRONDIZI,1,-58.38268809,-34.62282019
87,9,LINIERS - MATADEROS - PARQUE AVELLANEDA,AV JUAN BAUTISTA ALBERDI Y GUARDIA NACIONAL,1,-58.49603546,-34.64564271
88,14,PALERMO,SALGUERO 1410,1,-58.41848605,-34.59394733
89,12,COGHLAN - SAAVEDRA - VILLA PUEYRREDON - VILLA URQUIZA,ARIAS Y TRONADOR,1,-58.48935041,-34.54917673
90,8,VILLA LUGANO - VILLA RIACHUELO - VILLA SOLDATI,AV 27 DE FEBRERO Y AV ESCALADA,1,-58.44451316,-34.68475866
91,14,PALERMO,AV DEL LIBERTADOR Y TAGLE,1,-58.39936478,-34.58271474
92,1,CONSTITUCION - MONTSERRAT - PUERTO MADERO - RETIRO - SAN NICOLAS - SAN TELMO,AUTOPISTA 1 SUR PTE ARTURO FRONDIZI KM 2.9,1,-58.37936704,-34.62694503
93,12,COGHLAN - SAAVEDRA - VILLA PUEYRREDON - VILLA URQUIZA,CRISOLOGO LARRALDE Y AVDA TRIUNVIRATO,1,-58.49659234,-34.56353635
94,9,LINIERS - MATADEROS - PARQUE AVELLANEDA,AV EVA PERON 4233,1,-58.47256391,-34.65194557
95,7,FLORES - PARQUE CHACABUCO,AV ASAMBLEA Y AV CNEL ESTEBAN BONORINO,1,-58.45130953,-34.64053676
96,7,FLORES - PARQUE CHACABUCO,AVDA RIVADAVIA Y RIVERA INDARTE,1,-58.46271207,-34.62884871
97,10,FLORESTA - MONTE CASTRO - VELEZ SARSFIELD - VERSALLES - VILLA LURO - VILLA REAL,AUTOPISTA PERITO MORENO Y AV JUAN B ALBERDI,1,-58.49020869,-34.64243791
98,10,FLORESTA - MONTE CASTRO - VELEZ SARSFIELD - VERSALLES - VILLA LURO - VILLA REAL,IRIGOYEN Y TINOGASTA,2,-58.52572109,-34.62125906
99,10,FLORESTA - MONTE CASTRO - VELEZ SARSFIELD - VERSALLES - VILLA LURO - VILLA REAL,IRIGOYEN Y TINOGASTA,2,-58.52572109,-34.62125906
100,8,VILLA LUGANO - VILLA RIACHUELO - VILLA SOLDATI,AV MARIANO ACOSTA Y AV CNEL ROCA,1,-58.44094791,-34.66677111
101,5,ALMAGRO - BOEDO,CASTRO Y AV PAVON,1,-58.41914024,-34.6305389
102,1,CONSTITUCION - MONTSERRAT - PUERTO MADERO - RETIRO - SAN NICOLAS - SAN TELMO,AUTOPISTA 9 DE JULIO SUR Y AV BRASIL,1,-58.37910942,-34.62764717
103,4,BARRACAS - BOCA - NUEVA POMPEYA - PARQUE PATRICIOS,MIRAVE 3500,1,-58.39871183,-34.64539318
104,3,BALVANERA - SAN CRISTOBAL,AV SAN JUAN Y 24 DE NOVIEMBRE,1,-58.41036975,-34.62477021
105,14,PALERMO,AV LAS HERAS Y SANCHEZ DE BUSTAMANTE,1,-58.40204698,-34.5834269
106,8,VILLA LUGANO - VILLA RIACHUELO - VILLA SOLDATI,AV PIEDRA BUENA Y 2 DE ABRIL 1982,1,-58.48935287,-34.67648597
107,14,PALERMO,AV FIGUEROA ALCORTA  Y PINEDO,1,-58.42260225,-34.56403694
108,4,BARRACAS - BOCA - NUEVA POMPEYA - PARQUE PATRICIOS,AU BUENOS AIRES - LA PLATA KM. 4,1,,
109,11,VILLA DEL PARQUE - VILLA  DEVOTO - VILLA GRAL. MITRE - VILLA SANTA RITA,AV SAN MARTIN Y LADINES,1,-58.51537091,-34.59035925
110,13,BELGRANO - COLEGIALES - NUÃ‘EZ,AV CABILDO Y BLANCO ENCALADA,1,-58.4590967,-34.55922742
111,14,PALERMO,AV PRESIDENTE FIGUEROA ALCORTA Y AV DORREGO,1,-58.42008769,-34.56539579
112,13,BELGRANO - COLEGIALES - NUÃ‘EZ,AV JURAMENTO Y VUELTA DE OBLIGADO,1,-58.45566399,-34.56147293
113,1,CONSTITUCION - MONTSERRAT - PUERTO MADERO - RETIRO - SAN NICOLAS - SAN TELMO,AV DEL LIBERTADOR Y AV RAMOS MEJIA,1,-58.37533517,-34.59276462
114,8,VILLA LUGANO - VILLA RIACHUELO - VILLA SOLDATI,AV 27 DE FEBRERO Y AV ESCALADA,1,-58.44451316,-34.68475866
115,4,BARRACAS - BOCA - NUEVA POMPEYA - PARQUE PATRICIOS,AV. ALTE. BROWN 984,1,-58.35975012,-34.63343907
116,13,BELGRANO - COLEGIALES - NUÃ‘EZ,AV DEL LIBERTADOR Y LA PAMPA,1,-58.44523595,-34.55953855
117,4,BARRACAS - BOCA - NUEVA POMPEYA - PARQUE PATRICIOS,PICHINCHA Y AV BRASIL,1,-58.39626094,-34.63036565
118,1,CONSTITUCION - MONTSERRAT - PUERTO MADERO - RETIRO - SAN NICOLAS - SAN TELMO,AV INDEPENDENCIA Y VIRREY CEVALLOS,1,-58.38896772,-34.61799615
119,15,AGRONOMIA - CHACARITA -  PARQUE CHAS -  PATERNAL - VILLA CRESPO - VILLA ORTUZAR,AV GARMENDIA 4895,1,-58.46536113,-34.59484504
120,4,BARRACAS - BOCA - NUEVA POMPEYA - PARQUE PATRICIOS,AV AMANCIO ALCORTA Y DIOGENES TABORDA,1,-58.40879146,-34.65273216
121,0,,SD,1,,
122,7,FLORES - PARQUE CHACABUCO,AV PERITO MORENO Y ZUVIRIA,1,-58.46451841,-34.64991946
123,15,AGRONOMIA - CHACARITA -  PARQUE CHAS -  PATERNAL - VILLA CRESPO - VILLA ORTUZAR,ARAOZ Y AV CORDOBA,1,-58.4291709,-34.59485488
124,8,VILLA LUGANO - VILLA RIACHUELO - VILLA SOLDATI,AV GRAL PAZ 15200,1,-58.49007772,-34.68251141
125,10,FLORESTA - MONTE CASTRO - VELEZ SARSFIELD - VERSALLES - VILLA LURO - VILLA REAL,MADERO 900,1,-58.52756365,-34.62772274
126,3,BALVANERA - SAN CRISTOBAL,AV INDEPENDENCIA Y DEAN FUNES,1,-58.40638983,-34.61943202
127,11,VILLA DEL PARQUE - VILLA  DEVOTO - VILLA GRAL. MITRE - VILLA SANTA RITA,AV JUAN B JUSTO 5645,1,-58.47576807,-34.61740997
128,8,VILLA LUGANO - VILLA RIACHUELO - VILLA SOLDATI,AV 27 DE FEBRERO Y AV ESCALADA,1,-58.44451316,-34.68475866
129,9,LINIERS - MATADEROS - PARQUE AVELLANEDA,AUTOPISTA PERITO MORENO ALTURA VELZ,1,-58.51927194,-34.63635787
130,14,PALERMO,AV SANTA FE Y GODOY CRUZ,1,-58.42525456,-34.57866344
131,15,AGRONOMIA - CHACARITA -  PARQUE CHAS -  PATERNAL - VILLA CRESPO - VILLA ORTUZAR,AV FEDERICO LACROZE Y AV FOREST,1,-58.45396573,-34.58518167
132,11,VILLA DEL PARQUE - VILLA  DEVOTO - VILLA GRAL. MITRE - VILLA SANTA RITA,AV GRAL PAZ Y AV GENERAL MOSCONI,1,-58.52340614,-34.59798754
133,4,BARRACAS - BOCA - NUEVA POMPEYA - PARQUE PATRICIOS,AV LA PLATA Y CNEL GREGORIO POMAR,1,-58.42323628,-34.64119105
134,4,BARRACAS - BOCA - NUEVA POMPEYA - PARQUE PATRICIOS,AV MARTIN GARCIA 300,1,-58.36926144,-34.62841919
135,4,BARRACAS - BOCA - NUEVA POMPEYA - PARQUE PATRICIOS,AV LA PLATA Y CNEL GREGORIO POMAR,1,-58.42323628,-34.64119105
136,12,COGHLAN - SAAVEDRA - VILLA PUEYRREDON - VILLA URQUIZA,NUÑEZ Y AV RICARDO BALBIN,1,-58.47935434,-34.55676497
137,12,COGHLAN - SAAVEDRA - VILLA PUEYRREDON - VILLA URQUIZA,AV GRAL PAZ 4500,1,-58.50598256,-34.5637998
138,1,CONSTITUCION - MONTSERRAT - PUERTO MADERO - RETIRO - SAN NICOLAS - SAN TELMO,AU BUENOS AIRES - LA PLATA Y AU 25 DE MAYO,1,-58.36607137,-34.62150748
139,5,ALMAGRO - BOEDO,AV GARAY Y CASTRO,1,-58.41918902,-34.63174259
140,7,FLORES - PARQUE CHACABUCO,AV DIRECTORIO Y AV SAN PEDRITO,1,-58.46749188,-34.63551751
141,0,,AUTOPISTA 25 DE MAYO,1,,
142,7,FLORES - PARQUE CHACABUCO,CNEL RAMON L FALCON Y MEMBRILLAR,1,-58.46064174,-34.62960517
143,1,CONSTITUCION - MONTSERRAT - PUERTO MADERO - RETIRO - SAN NICOLAS - SAN TELMO,AV BELGRANO Y AV PASEO COLON,1,-58.36956186,-34.61232875
144,14,PALERMO,ARENALES 3319,1,-58.40966671,-34.58788235
145,3,BALVANERA - SAN CRISTOBAL,REPUBLICA BOLIVARIANA DE VENEZUELA Y SAAVEDRA,1,-58.40288226,-34.61544091
146,11,VILLA DEL PARQUE - VILLA  DEVOTO - VILLA GRAL. MITRE - VILLA SANTA RITA,AV. JUAN B JUSTO Y ACHUPALLAS,1,-58.4659423,-34.61028571
147,4,BARRACAS - BOCA - NUEVA POMPEYA - PARQUE PATRICIOS,OLAVARRIA Y AV. VELEZ SARSFIELD,1,-58.38957669,-34.64410277
148,1,CONSTITUCION - MONTSERRAT - PUERTO MADERO - RETIRO - SAN NICOLAS - SAN TELMO,LIMA Y MEXICO,1,-58.3816166,-34.61529543
149,14,PALERMO,JOSE A CABRERA Y BONPLAND,1,-58.43917004,-34.58494351
150,5,ALMAGRO - BOEDO,AU 25 DE MAYO Y AV. BOEDO,1,-58.41595919,-34.62743346
151,6,CABALLITO,AV. DIRECTORIO Y RIGLOS,1,-58.4356488,-34.62828656
152,12,COGHLAN - SAAVEDRA - VILLA PUEYRREDON - VILLA URQUIZA,AV. GRAL. PAZ Y AV. R. BALBIN,1,-58.5007381,-34.5497951
153,4,BARRACAS - BOCA - NUEVA POMPEYA - PARQUE PATRICIOS,TRAFUL Y DIOGENES TABORDA,1,-58.40969005,-34.6505529
154,4,BARRACAS - BOCA - NUEVA POMPEYA - PARQUE PATRICIOS,IRIARTE 3055,1,-58.38972622,-34.65098981
155,12,COGHLAN - SAAVEDRA - VILLA PUEYRREDON - VILLA URQUIZA,AV. DONADO Y ARIAS,1,-58.49185972,-34.55046754
156,2,RECOLETA,CORDOBA AV. Y CALLAO,1,-58.39293417,-34.59963642
157,1,CONSTITUCION - MONTSERRAT - PUERTO MADERO - RETIRO - SAN NICOLAS - SAN TELMO,"AU 25 DE MAYO, KILOMETRO 8.3, SENTIDO HACIA PROVINCIA DE BUENOS AIRES, C.A.B.A.",1,-58.38099494,-34.62288231
158,14,PALERMO,AV. JUAN B JUSTO Y PARAGUAY,1,-58.429012,-34.58095431
159,9,LINIERS - MATADEROS - PARQUE AVELLANEDA,AV. GRAL. PAZ Y AV. DE LOS CORRALES,1,-58.50877521,-34.66977709
160,1,CONSTITUCION - MONTSERRAT - PUERTO MADERO - RETIRO - SAN NICOLAS - SAN TELMO,SARMIENTO Y LIBERTAD,1,-58.38362373,-34.60509972
161,7,FLORES - PARQUE CHACABUCO,AV. RIVADAVIA 7121,1,-58.46589308,-34.62955795
162,7,FLORES - PARQUE CHACABUCO,AV. FERNANDEZ DE LA CRUZ Y RIVERA INDARTE,1,-58.43614426,-34.6542464
163,4,BARRACAS - BOCA - NUEVA POMPEYA - PARQUE PATRICIOS,AV. PERITO MORENO Y FOURNIER,2,-58.41842777,-34.64979057
164,4,BARRACAS - BOCA - NUEVA POMPEYA - PARQUE PATRICIOS,AV. PERITO MORENO Y FOURNIER,2,-58.41842777,-34.64979057
165,1,CONSTITUCION - MONTSERRAT - PUERTO MADERO - RETIRO - SAN NICOLAS - SAN TELMO,AV. CASEROS 1429,1,-58.38332245,-34.6319325
166,6,CABALLITO,AV. GAONA Y FRAGATA SARMIENTO,1,-58.45475488,-34.61196327
167,9,LINIERS - MATADEROS - PARQUE AVELLANEDA,MOZART Y TANDIL,1,-58.48501341,-34.64742455
168,9,LINIERS - MATADEROS - PARQUE AVELLANEDA,MOZART Y COLECTORA AV. TTE. LUIS J DELLEPIANE,1,-58.47010988,-34.65872088
169,3,BALVANERA - SAN CRISTOBAL,24 DE NOVIEMBRE Y PAVON ,1,-58.4099756,-34.62873635
170,8,VILLA LUGANO - VILLA RIACHUELO - VILLA SOLDATI,AV. GRAL. PAZ Y PEDRO DE MENDOZA,1,-58.48892175,-34.68359163
171,11,VILLA DEL PARQUE - VILLA  DEVOTO - VILLA GRAL. MITRE - VILLA SANTA RITA,AV. GRAL. PAZ KM. 10,1,-58.52466448,-34.60325478
172,14,PALERMO,GODOY CRUZ 2651,1,-58.42554218,-34.57929036
173,1,CONSTITUCION - MONTSERRAT - PUERTO MADERO - RETIRO - SAN NICOLAS - SAN TELMO,AV. DR. TRISTAN ACHAVAL RODRIGUEZ Y BLVD. AZUCENA VILLAFLOR,3,-58.35881506,-34.61113641
174,1,CONSTITUCION - MONTSERRAT - PUERTO MADERO - RETIRO - SAN NICOLAS - SAN TELMO,AV. DR. TRISTAN ACHAVAL RODRIGUEZ Y BLVD. AZUCENA VILLAFLOR,3,-58.35881506,-34.61113641
175,1,CONSTITUCION - MONTSERRAT - PUERTO MADERO - RETIRO - SAN NICOLAS - SAN TELMO,AV. DR. TRISTAN ACHAVAL RODRIGUEZ Y BLVD. AZUCENA VILLAFLOR,3,-58.35881506,-34.61113641
176,12,COGHLAN - SAAVEDRA - VILLA PUEYRREDON - VILLA URQUIZA,CURUPAYTI Y COLECTORA AV. GRAL. PAZ,2,-58.51452347,-34.58159762
177,12,COGHLAN - SAAVEDRA - VILLA PUEYRREDON - VILLA URQUIZA,CURUPAYTI Y COLECTORA AV. GRAL. PAZ,2,-58.51452347,-34.58159762
178,1,CONSTITUCION - MONTSERRAT - PUERTO MADERO - RETIRO - SAN NICOLAS - SAN TELMO,AV. INDEPENDENCIA Y VIRREY CEVALLOS,1,-58.38896772,-34.61799615
179,7,FLORES - PARQUE CHACABUCO,AV. CASTAÑARES Y LAUTARO,1,-58.44516857,-34.64363363
180,13,BELGRANO - COLEGIALES - NUÃ‘EZ,CAMINO CIUDAD UNUVERSITARIA Y AV. TTE. GUIRALDES,1,-58.43834197,-34.54560369
181,7,FLORES - PARQUE CHACABUCO,BALDOMERO FERNANDEZ MORENO 2186,1,-58.45485084,-34.63531854
182,14,PALERMO,AV. LEOPOLDO LUGONES PKM 6900,1,,
183,10,FLORESTA - MONTE CASTRO - VELEZ SARSFIELD - VERSALLES - VILLA LURO - VILLA REAL,NOGOYA 5940,1,-58.52449285,-34.62454175
184,8,VILLA LUGANO - VILLA RIACHUELO - VILLA SOLDATI,AV. ARGENTINA Y AV. CORVALAN,1,-58.46713742,-34.6719879
185,8,VILLA LUGANO - VILLA RIACHUELO - VILLA SOLDATI,AV. FERNANDEZ DE LA CRUZ Y VARELA,1,-58.43850413,-34.65554754
186,9,LINIERS - MATADEROS - PARQUE AVELLANEDA,AU PERITO MORENO Y RAMAL ENLACE AU1/AU6,2,,
187,9,LINIERS - MATADEROS - PARQUE AVELLANEDA,AU PERITO MORENO Y RAMAL ENLACE AU1/AU6,2,,
188,7,FLORES - PARQUE CHACABUCO,AU DELLEPIANE 2400,1,,
189,8,VILLA LUGANO - VILLA RIACHUELO - VILLA SOLDATI,AV. GRAL. PAZ Y GOLETA JULIA,1,-58.49413799,-34.68095739
190,4,BARRACAS - BOCA - NUEVA POMPEYA - PARQUE PATRICIOS,VIEYTES Y VILLARINO,1,-58.37547846,-34.65326075
191,15,AGRONOMIA - CHACARITA -  PARQUE CHAS -  PATERNAL - VILLA CRESPO - VILLA ORTUZAR,AV. DE LOS CONSTITUYENTES Y PEDRO MORAN,1,-58.48680218,-34.58689719
192,12,COGHLAN - SAAVEDRA - VILLA PUEYRREDON - VILLA URQUIZA,AV. DE LOS CONSTITUYENTES 4900,1,-58.49563989,-34.57962262
193,1,CONSTITUCION - MONTSERRAT - PUERTO MADERO - RETIRO - SAN NICOLAS - SAN TELMO,AV. CORDOBA Y LIBERTAD,1,-58.38403232,-34.5991594
194,1,CONSTITUCION - MONTSERRAT - PUERTO MADERO - RETIRO - SAN NICOLAS - SAN TELMO,BRASIL Y LIMA,1,-58.38223382,-34.62693865
195,8,VILLA LUGANO - VILLA RIACHUELO - VILLA SOLDATI,AV. ESCALADA Y AV. FERNANDEZ DE LA CRUZ,1,-58.45966521,-34.67323292
196,2,RECOLETA,PARAGUAY Y AV. CALLAO ,1,-58.39303911,-34.59871111
197,10,FLORESTA - MONTE CASTRO - VELEZ SARSFIELD - VERSALLES - VILLA LURO - VILLA REAL,AV. JUAN B JUSTO Y SAN BLAS,1,-58.51262106,-34.63395999
198,1,CONSTITUCION - MONTSERRAT - PUERTO MADERO - RETIRO - SAN NICOLAS - SAN TELMO,CHILE Y AV. 9 DE JULIO,1,-58.38118367,-34.61646839
199,1,CONSTITUCION - MONTSERRAT - PUERTO MADERO - RETIRO - SAN NICOLAS - SAN TELMO,MAIPU Y PERON,1,-58.37653284,-34.60582475
200,4,BARRACAS - BOCA - NUEVA POMPEYA - PARQUE PATRICIOS,AV. SUAREZ Y HERRERA,1,-58.37709334,-34.64035082
201,15,AGRONOMIA - CHACARITA -  PARQUE CHAS -  PATERNAL - VILLA CRESPO - VILLA ORTUZAR,AV. SAN MARTIN Y FRAGATA SARMIENTO,1,-58.46002142,-34.60409469
202,6,CABALLITO,AV. DIRECTORIO Y AV. JOSE MARIA MORENO,1,-58.4338197,-34.62801894
203,8,VILLA LUGANO - VILLA RIACHUELO - VILLA SOLDATI,AV. TTE. FRANCISCO RABANAL 2950,1,-58.43580656,-34.66437532
204,9,LINIERS - MATADEROS - PARQUE AVELLANEDA,AV. GRAL. PAZ Y ULRICO SCHMIDL,1,-58.52173071,-34.65997463
205,11,VILLA DEL PARQUE - VILLA  DEVOTO - VILLA GRAL. MITRE - VILLA SANTA RITA,NUEVA YORK  3696,1,-58.50791763,-34.59804273
206,12,COGHLAN - SAAVEDRA - VILLA PUEYRREDON - VILLA URQUIZA,AV. DE LOS CONSTITUYENTES Y VALLEJOS,1,-58.49175088,-34.58226957
207,3,BALVANERA - SAN CRISTOBAL,AV. CORRIENTES Y ECUADOR,1,-58.40781467,-34.60425669
208,9,LINIERS - MATADEROS - PARQUE AVELLANEDA,CASCO 133,1,-58.52567073,-34.63787791
209,1,CONSTITUCION - MONTSERRAT - PUERTO MADERO - RETIRO - SAN NICOLAS - SAN TELMO,AV. DE MAYO Y AV. 9 DE JULIO,1,-58.381542,-34.60906385
210,2,RECOLETA,AV. RAMON CASTILLO Y CALLE 12,1,-58.38526125,-34.5780581
211,14,PALERMO,FRAY JUSTO SANTAMARIA DE ORO 1930,1,-58.42934104,-34.58451712
212,3,BALVANERA - SAN CRISTOBAL,MEXICO Y DEAN FUNES,1,-58.40657493,-34.61781124
213,9,LINIERS - MATADEROS - PARQUE AVELLANEDA,AV. JUAN B ALBERDI Y AV. ESCALADA,1,-58.49525314,-34.64487785
214,4,BARRACAS - BOCA - NUEVA POMPEYA - PARQUE PATRICIOS,AV. ENTRE RIOS Y AV. BRASIL,1,-58.39092851,-34.62932696
215,9,LINIERS - MATADEROS - PARQUE AVELLANEDA,AV. JUAN B ALBERDI Y GUARDIA NACIONAL,1,-58.49603546,-34.64564271
216,2,RECOLETA,AV. DEL LIBERTADOR Y RODRIGUEZ PEÑA,1,-58.38502878,-34.58703485
217,4,BARRACAS - BOCA - NUEVA POMPEYA - PARQUE PATRICIOS,TACUARI Y AV. MARTIN GARCIA,1,-58.37261143,-34.63150425
218,9,LINIERS - MATADEROS - PARQUE AVELLANEDA,AV. RIVADAVIA Y MURGUIONDO,1,-58.51876802,-34.63905965
219,3,BALVANERA - SAN CRISTOBAL,24 DE NOVIEMBRE 390,1,-58.41095567,-34.61516101
220,1,CONSTITUCION - MONTSERRAT - PUERTO MADERO - RETIRO - SAN NICOLAS - SAN TELMO,AV. PASEO COLON Y BRASIL,1,-58.36797542,-34.62519403
221,9,LINIERS - MATADEROS - PARQUE AVELLANEDA,MARTINIANO LEGUIZAMON 901,1,-58.51514709,-34.64787051
222,11,VILLA DEL PARQUE - VILLA  DEVOTO - VILLA GRAL. MITRE - VILLA SANTA RITA,AV. CHIVILCOY Y COLECTORA AV. GRAL. PAZ ,1,-58.51925642,-34.59171721
223,12,COGHLAN - SAAVEDRA - VILLA PUEYRREDON - VILLA URQUIZA,SUPERI Y AV. GRAL. PAZ,1,-58.48671535,-34.54321216
224,1,CONSTITUCION - MONTSERRAT - PUERTO MADERO - RETIRO - SAN NICOLAS - SAN TELMO,AU 25 DE MAYO Y AU FRONDIZI (9 DE JULIO SUR),1,-58.38268809,-34.62282019
225,13,BELGRANO - COLEGIALES - NUÃ‘EZ,"AV. LEOPOLDO LUGONES KM 7,5, ALTURA PUENTE SCALABRINI ORTIZ, SENTIDO A CENTRO PORTEÑO",1,-58.43633522,-34.54966288
226,10,FLORESTA - MONTE CASTRO - VELEZ SARSFIELD - VERSALLES - VILLA LURO - VILLA REAL,VICTOR HUGO 2639,1,-58.52640838,-34.61765855
227,14,PALERMO,AV. CORDOBA Y JERONIMO SALGUERO,1,-58.41894306,-34.59778875
228,13,BELGRANO - COLEGIALES - NUÃ‘EZ,AV. CABILDO Y NUÑEZ,1,-58.46756026,-34.54972741
229,7,FLORES - PARQUE CHACABUCO,JOSE BONIFACIO 2114,1,-58.45715752,-34.63132912
230,14,PALERMO,AV. PTE FIGUEROA ALCORTA 5400,1,-58.42406784,-34.56213916
231,3,BALVANERA - SAN CRISTOBAL,VENEZUELA 2135,1,-58.3967447,-34.61512051
232,13,BELGRANO - COLEGIALES - NUÃ‘EZ,AV. FCO. LACROZE Y ZAPATA,1,-58.44537508,-34.57084818
233,4,BARRACAS - BOCA - NUEVA POMPEYA - PARQUE PATRICIOS,IRIARTE Y ZAVALETA,1,-58.40056767,-34.6510708
234,1,CONSTITUCION - MONTSERRAT - PUERTO MADERO - RETIRO - SAN NICOLAS - SAN TELMO,AV. 9 DE JULIO Y ESTADOS UNIDOS,1,-58.38109568,-34.61853244
235,14,PALERMO,FRAY JUSTO SANTAMARIA DE ORO Y GUEMES,1,-58.42533612,-34.58035258
236,13,BELGRANO - COLEGIALES - NUÃ‘EZ,AV. DEL LIBERTADOR Y JARAMILLO,1,-58.46062311,-34.54395182
237,12,COGHLAN - SAAVEDRA - VILLA PUEYRREDON - VILLA URQUIZA,AV. GRAL. PAZ Y MACHAIN,2,-58.49491054,-34.54795581
238,12,COGHLAN - SAAVEDRA - VILLA PUEYRREDON - VILLA URQUIZA,AV. GRAL. PAZ Y MACHAIN,2,-58.49491054,-34.54795581
239,7,FLORES - PARQUE CHACABUCO,AV. DIRECTORIO Y PORTELA,1,-58.47130269,-34.63665402
240,1,CONSTITUCION - MONTSERRAT - PUERTO MADERO - RETIRO - SAN NICOLAS - SAN TELMO,LAVALLE Y AV. LEANDRO N ALEM,1,-58.370488,-34.60189492
241,4,BARRACAS - BOCA - NUEVA POMPEYA - PARQUE PATRICIOS,USPALLATA Y PIROVANO,1,-58.42023854,-34.6423411
242,7,FLORES - PARQUE CHACABUCO,AU 25 DE MAYO Y AV. VARELA,2,-58.45807401,-34.6399743
243,7,FLORES - PARQUE CHACABUCO,AU 25 DE MAYO Y AV. VARELA,2,-58.45807401,-34.6399743
244,1,CONSTITUCION - MONTSERRAT - PUERTO MADERO - RETIRO - SAN NICOLAS - SAN TELMO,AV. SANTA FE Y MAIPU,1,-58.37697717,-34.59573848
245,2,RECOLETA,AV. ALVEAR Y AV. DEL LIBERTADOR,1,-58.3910058,-34.5849866
246,5,ALMAGRO - BOEDO,AV. PAVON Y TREINTA Y TRES ORIENTALES,1,-58.42182126,-34.63089661
247,12,COGHLAN - SAAVEDRA - VILLA PUEYRREDON - VILLA URQUIZA,COLECTORA AV. GRAL. PAZ 5750,1,-58.51389422,-34.58075791
248,4,BARRACAS - BOCA - NUEVA POMPEYA - PARQUE PATRICIOS,VIEYTES Y CRUZ,1,-58.37585415,-34.65232158
249,9,LINIERS - MATADEROS - PARQUE AVELLANEDA,AU DELLEPIANE Y AV. ESCALADA,1,-58.47297505,-34.66245085
250,8,VILLA LUGANO - VILLA RIACHUELO - VILLA SOLDATI,ALBARIÑO Y AV. ARGENTINA,1,-58.46855503,-34.67216349
251,15,AGRONOMIA - CHACARITA -  PARQUE CHAS -  PATERNAL - VILLA CRESPO - VILLA ORTUZAR,JUAN RAMIREZ DE VELAZCO 1211,1,-58.44254033,-34.59185043
252,8,VILLA LUGANO - VILLA RIACHUELO - VILLA SOLDATI,AV. FERNANDEZ DE LA CRUZ Y LARRAYA,1,-58.46622247,-34.67926929
253,8,VILLA LUGANO - VILLA RIACHUELO - VILLA SOLDATI,AV. RIESTRA Y CAÑADA DE GOMEZ,2,-58.48003734,-34.68148508
254,8,VILLA LUGANO - VILLA RIACHUELO - VILLA SOLDATI,AV. RIESTRA Y CAÑADA DE GOMEZ,2,-58.48003734,-34.68148508
255,2,RECOLETA,GALLO Y AV. CORDOBA,1,-58.41192137,-34.59800248
256,6,CABALLITO,DR. JUAN F. ARANGUREN 611,1,-58.44034689,-34.61349731
257,9,LINIERS - MATADEROS - PARQUE AVELLANEDA,AU PERITO MORENO Y AU 25 DE MAYO,1,-58.47155277,-34.64925746
258,15,AGRONOMIA - CHACARITA -  PARQUE CHAS -  PATERNAL - VILLA CRESPO - VILLA ORTUZAR,CHORROARIN Y AV. SAN MARTIN,1,-58.47883099,-34.59967065
259,8,VILLA LUGANO - VILLA RIACHUELO - VILLA SOLDATI,COSQUIN Y AV. CNEL. ROCA,1,-58.46552171,-34.6937413
260,8,VILLA LUGANO - VILLA RIACHUELO - VILLA SOLDATI,AV. CNEL. ROCA 3555,1,-58.4423972,-34.66777987
261,15,AGRONOMIA - CHACARITA -  PARQUE CHAS -  PATERNAL - VILLA CRESPO - VILLA ORTUZAR,AV. WARNES Y PUNTA ARENAS,1,-58.47032551,-34.59626814
262,4,BARRACAS - BOCA - NUEVA POMPEYA - PARQUE PATRICIOS,DEL BARCO CENTENERA Y RABANAL,1,-58.41827843,-34.65522746
263,11,VILLA DEL PARQUE - VILLA  DEVOTO - VILLA GRAL. MITRE - VILLA SANTA RITA,AV. GRAL. ENRIQUE MOSCONI Y SAN NICOLAS,1,-58.51280715,-34.59279388
264,7,FLORES - PARQUE CHACABUCO,AV. LAFUENTE Y AV. EVA PERON,1,-58.46258582,-34.64385704
265,8,VILLA LUGANO - VILLA RIACHUELO - VILLA SOLDATI,AV. CNEL. ROCA Y AV. ESCALADA,1,-58.45064148,-34.68003614
266,4,BARRACAS - BOCA - NUEVA POMPEYA - PARQUE PATRICIOS,AU ARTURO FRONDIZI PKM 3100,1,,
267,6,CABALLITO,AV. LA PLATA Y AV. PEDRO GOYENA,1,-58.42717783,-34.62513374
268,11,VILLA DEL PARQUE - VILLA  DEVOTO - VILLA GRAL. MITRE - VILLA SANTA RITA,TRELLES Y GRAL. CESAR DIAZ,1,-58.46442001,-34.60724519
269,8,VILLA LUGANO - VILLA RIACHUELO - VILLA SOLDATI,AV. CNEL. ROCA Y COLECTORA AV. GRAL. PAZ,1,-58.47064556,-34.69843756
270,5,ALMAGRO - BOEDO,MAZA Y DON BOSCO,1,-58.41677733,-34.61223119
271,9,LINIERS - MATADEROS - PARQUE AVELLANEDA,AV. GRAL. PAZ Y AV. EVA PERON,1,-58.5025179,-34.67450313
272,3,BALVANERA - SAN CRISTOBAL,AV. SAN JUAN Y LA RIOJA,1,-58.40708125,-34.62438894
273,1,CONSTITUCION - MONTSERRAT - PUERTO MADERO - RETIRO - SAN NICOLAS - SAN TELMO,AV. PASEO COLON Y MEXICO,1,-58.36947198,-34.61477051
274,9,LINIERS - MATADEROS - PARQUE AVELLANEDA,AV. RIVADAVIA Y MIRALLA,1,-58.51140889,-34.63934531
275,4,BARRACAS - BOCA - NUEVA POMPEYA - PARQUE PATRICIOS,VIEYTES Y LUJAN,1,-58.37460912,-34.65559133
276,4,BARRACAS - BOCA - NUEVA POMPEYA - PARQUE PATRICIOS,CACHI Y TRAFUL,1,-58.41146277,-34.65073916
277,6,CABALLITO,ROSARIO Y AV. LA PLATA,2,-58.42855267,-34.61829385
278,6,CABALLITO,ROSARIO Y AV. LA PLATA,2,-58.42855267,-34.61829385
279,4,BARRACAS - BOCA - NUEVA POMPEYA - PARQUE PATRICIOS,AV. ENTRE RIOS Y AV. CASEROS ,1,-58.39035581,-34.63412287
280,7,FLORES - PARQUE CHACABUCO,AV. RIVADAVIA 6350,1,-58.45593915,-34.62656868
281,9,LINIERS - MATADEROS - PARQUE AVELLANEDA,AV. GRAL. PAZ Y HUMAITA,1,-58.52866211,-34.64597065
282,11,VILLA DEL PARQUE - VILLA  DEVOTO - VILLA GRAL. MITRE - VILLA SANTA RITA,GUALEGUAYCHU Y COLECTORA AV. GRAL PAZ,1,-58.52037476,-34.59407024
283,1,CONSTITUCION - MONTSERRAT - PUERTO MADERO - RETIRO - SAN NICOLAS - SAN TELMO,AV. INDEPENDENCIA Y VIRREY CEVALLOS,1,-58.38896772,-34.61799615
284,7,FLORES - PARQUE CHACABUCO,AV. NAZCA 365,1,-58.47074114,-34.62771756
285,9,LINIERS - MATADEROS - PARQUE AVELLANEDA,AV. EVA PERON 5249,1,-58.48200819,-34.65969965
286,3,BALVANERA - SAN CRISTOBAL,San Juan Av. Y Rincón,1,-58.39536773,-34.62297346
287,1,CONSTITUCION - MONTSERRAT - PUERTO MADERO - RETIRO - SAN NICOLAS - SAN TELMO,Peru 937,1,-58.37456088,-34.61895467
288,15,AGRONOMIA - CHACARITA -  PARQUE CHAS -  PATERNAL - VILLA CRESPO - VILLA ORTUZAR,"Pueyrredon, Honorio, Dr. Av. y Galicia",1,-58.44860217,-34.60395657
289,13,BELGRANO - COLEGIALES - NUÃ‘EZ,Del Libertador Av. y Manzanares,1,-58.46129513,-34.54332766
290,1,CONSTITUCION - MONTSERRAT - PUERTO MADERO - RETIRO - SAN NICOLAS - SAN TELMO,Paseo Colon Av. 1019,1,-58.36907201,-34.61953517
291,6,CABALLITO,Valle y Barco Centenera Del,1,-58.44062219,-34.62499107
292,9,LINIERS - MATADEROS - PARQUE AVELLANEDA,AU Perito Moreno  KM 0.6,1,-58.52502765,-34.63601265
293,1,CONSTITUCION - MONTSERRAT - PUERTO MADERO - RETIRO - SAN NICOLAS - SAN TELMO,"Huergo, Ing. Av. e Independencia Av.",1,-58.36659655,-34.61687778
294,4,BARRACAS - BOCA - NUEVA POMPEYA - PARQUE PATRICIOS,"Pilcomayo y Brown, Alte. Av.",1,-58.36737389,-34.62763661
295,10,FLORESTA - MONTE CASTRO - VELEZ SARSFIELD - VERSALLES - VILLA LURO - VILLA REAL,"Cervantes y Belaustegui, Luis, Dr.",1,-58.49807953,-34.63038658
296,2,RECOLETA,Callao y Vte. Lopez,1,-58.39092703,-34.59088447
297,8,VILLA LUGANO - VILLA RIACHUELO - VILLA SOLDATI,"Oliden y Chilavert, Martiniano, Coronel",1,-58.46912006,-34.68049201
298,12,COGHLAN - SAAVEDRA - VILLA PUEYRREDON - VILLA URQUIZA,Congreso Av. y Galvan,1,-58.48661286,-34.56786129
299,7,FLORES - PARQUE CHACABUCO,"Moreno, Perito Av. y Rivera Indarte",1,-58.44074927,-34.65080597
300,4,BARRACAS - BOCA - NUEVA POMPEYA - PARQUE PATRICIOS,Australia Av. 2800,2,-58.38636298,-34.64684275
301,4,BARRACAS - BOCA - NUEVA POMPEYA - PARQUE PATRICIOS,Australia Av. 2800,2,-58.38636298,-34.64684275
302,1,CONSTITUCION - MONTSERRAT - PUERTO MADERO - RETIRO - SAN NICOLAS - SAN TELMO,"Del Libertador Av. y Ramos Mejia, Jose Maria, Dr. Av.",1,-58.37533517,-34.59276462
303,7,FLORES - PARQUE CHACABUCO,San Pedrito Av. y Rivadavia Av.,1,-58.46963952,-34.63070603
304,4,BARRACAS - BOCA - NUEVA POMPEYA - PARQUE PATRICIOS,"Isabel La Catolica y Salvadores, Cnel.",1,-58.37207554,-34.64543658
305,2,RECOLETA,Las Heras General Av. y Callao Av.,1,-58.39189441,-34.59176378
306,8,VILLA LUGANO - VILLA RIACHUELO - VILLA SOLDATI,Fernandez de la Cruz Subida AU Héctor J. Cámpora,1,-58.45012957,-34.66518343
307,4,BARRACAS - BOCA - NUEVA POMPEYA - PARQUE PATRICIOS,AMANCIO ALCORTA Y ZAVALETA,1,-58.40184094,-34.64546845
308,4,BARRACAS - BOCA - NUEVA POMPEYA - PARQUE PATRICIOS,"Montes De Oca, Manuel y Olavarria",1,-58.37441153,-34.63966783
309,6,CABALLITO,Barco Centenera Del y Rosario,1,-58.44110156,-34.62082399
310,15,AGRONOMIA - CHACARITA -  PARQUE CHAS -  PATERNAL - VILLA CRESPO - VILLA ORTUZAR,Alvarez Thomas Av. y Donado,1,-58.47087351,-34.57827342
311,7,FLORES - PARQUE CHACABUCO,Av. Avellaneda y Av. Boyacá,1,-58.4596221,-34.6224514
312,4,BARRACAS - BOCA - NUEVA POMPEYA - PARQUE PATRICIOS,"Rabanal, Francisco, Intendente Av. y Saenz Av.",2,-58.41657793,-34.65476216
313,4,BARRACAS - BOCA - NUEVA POMPEYA - PARQUE PATRICIOS,"Rabanal, Francisco, Intendente Av. y Saenz Av.",2,-58.41657793,-34.65476216
314,5,ALMAGRO - BOEDO,Castro y Rondeau,1,-58.41911301,-34.63722107
315,9,LINIERS - MATADEROS - PARQUE AVELLANEDA,"Bilbao, Francisco Av. y Azul",1,-58.47120586,-34.64251042
316,11,VILLA DEL PARQUE - VILLA  DEVOTO - VILLA GRAL. MITRE - VILLA SANTA RITA,Nazca Av. y Gaona Av.,1,-58.47418944,-34.62049672
317,15,AGRONOMIA - CHACARITA -  PARQUE CHAS -  PATERNAL - VILLA CRESPO - VILLA ORTUZAR,Plaza y Alvarez Thomas Av.,1,-58.46720441,-34.57905579
318,11,VILLA DEL PARQUE - VILLA  DEVOTO - VILLA GRAL. MITRE - VILLA SANTA RITA,"Gaona Av. y Artigas, Jose Gervasio, Gral.",1,-58.46909362,-34.6177971
319,13,BELGRANO - COLEGIALES - NUÃ‘EZ,Cabildo Av. y Aguilar,1,-58.44704343,-34.5688864
320,10,FLORESTA - MONTE CASTRO - VELEZ SARSFIELD - VERSALLES - VILLA LURO - VILLA REAL,Camarones y Lope De Vega Av.,1,-58.50535541,-34.62902048
321,2,RECOLETA,Santa Fe Av. 2320,1,-58.40021675,-34.59522198
322,7,FLORES - PARQUE CHACABUCO,Av. Rivadavia 6950,1,-58.46325991,-34.62919627
323,15,AGRONOMIA - CHACARITA -  PARQUE CHAS -  PATERNAL - VILLA CRESPO - VILLA ORTUZAR,Av. San Martín y Argerich,1,-58.49471482,-34.59694755
324,2,RECOLETA,"Cordoba Av. y Uriburu Jose E., Pres.",1,-58.3987261,-34.59975962
325,1,CONSTITUCION - MONTSERRAT - PUERTO MADERO - RETIRO - SAN NICOLAS - SAN TELMO,AV. RIVADAVIA 1571,2,-58.38872177,-34.60885045
326,1,CONSTITUCION - MONTSERRAT - PUERTO MADERO - RETIRO - SAN NICOLAS - SAN TELMO,AV. RIVADAVIA 1571,2,-58.38872177,-34.60885045
327,14,PALERMO,AUTOPISTA LUGONES KM 4.7,1,,
328,13,BELGRANO - COLEGIALES - NUÃ‘EZ,Ramon Freire y Virrey Olaguer y Feliu,1,-58.45686132,-34.57305993
329,4,BARRACAS - BOCA - NUEVA POMPEYA - PARQUE PATRICIOS,"La Plata Av. y Fernandez De La Cruz, F., Gral. Av.",1,-58.42281627,-34.64282424
330,4,BARRACAS - BOCA - NUEVA POMPEYA - PARQUE PATRICIOS,BRANDSEN y PERDRIEL,1,-58.38666024,-34.63953396
331,11,VILLA DEL PARQUE - VILLA  DEVOTO - VILLA GRAL. MITRE - VILLA SANTA RITA,"Vilardebo, Teodoro y Alvarez Jonte Av.",1,-58.49122843,-34.61207587
332,3,BALVANERA - SAN CRISTOBAL,Alberti e Independencia Av.,1,-58.40098306,-34.61866627
333,13,BELGRANO - COLEGIALES - NUÃ‘EZ,Alvarez Thomas Av. 879,1,-58.45448963,-34.5791692
334,9,LINIERS - MATADEROS - PARQUE AVELLANEDA,Av. Gral. Paz y Av. Rivadavia,1,-58.52927982,-34.63931752
335,15,AGRONOMIA - CHACARITA -  PARQUE CHAS -  PATERNAL - VILLA CRESPO - VILLA ORTUZAR,Av. Corrientes y Av. Dorrego,1,-58.44759966,-34.5917024
336,7,FLORES - PARQUE CHACABUCO,Rivadavia Av. y Pedernera,1,-58.46411215,-34.62925068
337,13,BELGRANO - COLEGIALES - NUÃ‘EZ,Quesada 2300,1,-58.4621322,-34.55395823
338,13,BELGRANO - COLEGIALES - NUÃ‘EZ,Cabildo Av. y Juramento Av.,1,-58.45669422,-34.5620361
339,4,BARRACAS - BOCA - NUEVA POMPEYA - PARQUE PATRICIOS,"California y Carbonari, Francisco, Cmte.",1,-58.3597716,-34.64341878
340,15,AGRONOMIA - CHACARITA -  PARQUE CHAS -  PATERNAL - VILLA CRESPO - VILLA ORTUZAR,"Carril, Salvador Maria Del Av. y Nazca",1,-58.49820145,-34.59070093
341,3,BALVANERA - SAN CRISTOBAL,San Luis y Aguero,1,-58.4105928,-34.5993918
342,12,COGHLAN - SAAVEDRA - VILLA PUEYRREDON - VILLA URQUIZA,Lugones 2430,1,-58.47969138,-34.57121563
343,3,BALVANERA - SAN CRISTOBAL,Independencia Av. y Jujuy Av.,1,-58.40351561,-34.61883916
344,9,LINIERS - MATADEROS - PARQUE AVELLANEDA,Av. Rivadavia 11050,1,-58.51973844,-34.63918987
345,3,BALVANERA - SAN CRISTOBAL,Combate De Los Pozos y Humberto 1°,1,-58.39311376,-34.62163006
346,15,AGRONOMIA - CHACARITA -  PARQUE CHAS -  PATERNAL - VILLA CRESPO - VILLA ORTUZAR,Cordoba Av. y Thames,1,-58.43531242,-34.59082159
347,5,ALMAGRO - BOEDO,"Garay, Juan De Av. y Sanchez De Loria",1,-58.41178165,-34.63035454
348,1,CONSTITUCION - MONTSERRAT - PUERTO MADERO - RETIRO - SAN NICOLAS - SAN TELMO,"Lavalle y Alem, Leandro N. Av.",1,-58.370488,-34.60189492
349,3,BALVANERA - SAN CRISTOBAL,Estados Unidos y Pichincha,1,-58.39883882,-34.61964833
350,6,CABALLITO,Rosario y Barco Centenera Del,1,-58.44110156,-34.62082399
351,1,CONSTITUCION - MONTSERRAT - PUERTO MADERO - RETIRO - SAN NICOLAS - SAN TELMO,Av. Leandro N. Alem y Viamonte,1,-58.37093138,-34.59952725
352,7,FLORES - PARQUE CHACABUCO,Varela Av. y Primera Junta,1,-58.45855262,-34.63953253
353,1,CONSTITUCION - MONTSERRAT - PUERTO MADERO - RETIRO - SAN NICOLAS - SAN TELMO,"Pellegrini, Carlos y Juncal",1,-58.38161909,-34.59283447
354,15,AGRONOMIA - CHACARITA -  PARQUE CHAS -  PATERNAL - VILLA CRESPO - VILLA ORTUZAR,Av. Corrientes y Av. Federico Lacroze,1,-58.45511899,-34.58698157
355,4,BARRACAS - BOCA - NUEVA POMPEYA - PARQUE PATRICIOS,"Montes De Oca, Manuel y Finochietto Enrique Dr.",1,-58.37724226,-34.62973033
356,7,FLORES - PARQUE CHACABUCO,"Carabobo Av. y Alberdi, Juan Bautista Av.",1,-58.45546217,-34.62930339
357,2,RECOLETA,"Córdoba Av. 2215

",1,-58.39897064,-34.59954925
358,3,BALVANERA - SAN CRISTOBAL,"Estados Unidos y Urquiza, Gral.",1,-58.40917826,-34.62126274
359,1,CONSTITUCION - MONTSERRAT - PUERTO MADERO - RETIRO - SAN NICOLAS - SAN TELMO,Moreno y Av. Huergo,1,-58.36726348,-34.61099738
360,8,VILLA LUGANO - VILLA RIACHUELO - VILLA SOLDATI,"AU Dellepiane kilometro 0.0, altura calle Montiel, sentido hacia el Centro Porteño",1,-58.48267426,-34.68454456
361,4,BARRACAS - BOCA - NUEVA POMPEYA - PARQUE PATRICIOS,"Iriarte, Gral. Av. 3400",1,-58.39546165,-34.65168841
362,7,FLORES - PARQUE CHACABUCO,AV. JUAN B. ALBERDI 2968,1,-58.46941984,-34.63376545
363,14,PALERMO,Del Libertador Av. y Ortiz De Ocampo,1,-58.40367321,-34.58129246
364,9,LINIERS - MATADEROS - PARQUE AVELLANEDA,"Chavez, Jorge y Paz, Gral. Av.",1,-58.52932872,-34.65014993
365,3,BALVANERA - SAN CRISTOBAL,"Urquiza, Gral. y Estados Unidos",1,-58.40917826,-34.62126274
366,2,RECOLETA,Paraguay y Sánchez De Bustamante,1,-58.41264127,-34.59473294
367,9,LINIERS - MATADEROS - PARQUE AVELLANEDA,"De Los Corrales Av. y Paz, Gral. Av.",1,-58.50877521,-34.66977709
368,9,LINIERS - MATADEROS - PARQUE AVELLANEDA,"Alberdi, Juan Bautista Av. y Carhue",1,-58.51232237,-34.6590353
369,7,FLORES - PARQUE CHACABUCO,Castañares Av. y Rivera Indarte Av.,1,-58.44744156,-34.64567171
370,9,LINIERS - MATADEROS - PARQUE AVELLANEDA,"Larrazabal y Garzon, Eugenio, Gral. Av.",1,-58.49441273,-34.65869968
371,8,VILLA LUGANO - VILLA RIACHUELO - VILLA SOLDATI,"Paz, Gral. Av. y Fernandez De La Cruz, F., Gral. Av.",1,-58.47976785,-34.69153196
372,1,CONSTITUCION - MONTSERRAT - PUERTO MADERO - RETIRO - SAN NICOLAS - SAN TELMO,Av. Alicia Moreau de Justo y Cochabamba,1,-58.36523349,-34.62260331
373,3,BALVANERA - SAN CRISTOBAL,"Entre Rios Av. y Garay, Juan De Av.",2,-58.39118948,-34.62704273
374,3,BALVANERA - SAN CRISTOBAL,"Entre Rios Av. y Garay, Juan De Av.",2,-58.39118948,-34.62704273
375,9,LINIERS - MATADEROS - PARQUE AVELLANEDA,Directorio Av. y Guardia Nacional,1,-58.49019551,-34.65015854
376,5,ALMAGRO - BOEDO,Pavon Av. Y Colombres,1,-58.41644362,-34.63023775
377,12,COGHLAN - SAAVEDRA - VILLA PUEYRREDON - VILLA URQUIZA,Av. Gral. Paz y Av. Dr. Ricardo Balbín,1,-58.5007381,-34.5497951
378,4,BARRACAS - BOCA - NUEVA POMPEYA - PARQUE PATRICIOS,Pichincha Av. y Brasil,1,-58.39626094,-34.63036565
379,8,VILLA LUGANO - VILLA RIACHUELO - VILLA SOLDATI,27 De Febrero Av. y Pergamino,1,-58.43284809,-34.67051543
380,9,LINIERS - MATADEROS - PARQUE AVELLANEDA,AU Perito Moreno KM 1.8 ALTURA BARRAGAN SENTIDO PBA,1,-58.52280139,-34.63659934
381,14,PALERMO,Cordoba Av. y Gascon,1,-58.4233693,-34.59774487
382,1,CONSTITUCION - MONTSERRAT - PUERTO MADERO - RETIRO - SAN NICOLAS - SAN TELMO,15 De Noviembre De 1889 1513,1,-58.38691681,-34.63105973
383,14,PALERMO,"Salguero, Jeronimo y Beruti",1,-58.4116902,-34.5857988
384,9,LINIERS - MATADEROS - PARQUE AVELLANEDA,"Lacarra Av. y Dellepiane, Luis, Tte. Gral.",1,-58.46739825,-34.65117757
385,8,VILLA LUGANO - VILLA RIACHUELO - VILLA SOLDATI,"AU Héctor J. Cámpora y Roca, Cnel. Av.",1,-58.44483258,-34.67152226
386,8,VILLA LUGANO - VILLA RIACHUELO - VILLA SOLDATI,Av. Varela y Av. Int. Francisco Rabanal,1,-58.43254025,-34.66128115
387,8,VILLA LUGANO - VILLA RIACHUELO - VILLA SOLDATI,Av. Gral. Paz e/ Ferre y Beron de Astrada,2,-58.47199387,-34.69640164
388,8,VILLA LUGANO - VILLA RIACHUELO - VILLA SOLDATI,Av. Gral. Paz e/ Ferre y Beron de Astrada,2,-58.47199387,-34.69640164
389,7,FLORES - PARQUE CHACABUCO,Rivadavia Av. y Pedernera,1,-58.46411215,-34.62925068
390,1,CONSTITUCION - MONTSERRAT - PUERTO MADERO - RETIRO - SAN NICOLAS - SAN TELMO,Elvira Rawson de Dellepiane 150,1,-58.36217754,-34.62367156
391,12,COGHLAN - SAAVEDRA - VILLA PUEYRREDON - VILLA URQUIZA,"Paz, Gral. Av. y Zapiola",1,-58.48098594,-34.5407313
392,4,BARRACAS - BOCA - NUEVA POMPEYA - PARQUE PATRICIOS,FAMATINA Y DIOGENES TABORDA,1,-58.41083404,-34.64640709
393,7,FLORES - PARQUE CHACABUCO,Av. Castañares y Bonorino,1,-58.44609828,-34.64446729
394,4,BARRACAS - BOCA - NUEVA POMPEYA - PARQUE PATRICIOS,AU Frondizi 9 de Julio Sur y Av. Suarez,1,-58.37709334,-34.64035082
395,7,FLORES - PARQUE CHACABUCO,Nazca Av. y Rivadavia Av.,1,-58.46963952,-34.63070603
396,13,BELGRANO - COLEGIALES - NUÃ‘EZ,"Figueroa Alcorta, Pres. Av. y Echeverria",1,-58.43674281,-34.55161027
397,3,BALVANERA - SAN CRISTOBAL,Rivadavia Av. y Jujuy Av.,1,-58.4059686,-34.61011987
398,1,CONSTITUCION - MONTSERRAT - PUERTO MADERO - RETIRO - SAN NICOLAS - SAN TELMO,"De Los Italianos Av. y Guemes, Macacha",1,-58.36154069,-34.60463618
399,1,CONSTITUCION - MONTSERRAT - PUERTO MADERO - RETIRO - SAN NICOLAS - SAN TELMO,"Tucuman y Alem, Leandro N. Av.",1,-58.37062179,-34.60066507
400,15,AGRONOMIA - CHACARITA -  PARQUE CHAS -  PATERNAL - VILLA CRESPO - VILLA ORTUZAR,"Corrientes Av. y Gallardo, Angel Av.",1,-58.43220014,-34.60207186
401,9,LINIERS - MATADEROS - PARQUE AVELLANEDA,AU Perito Moreno y Av. Eva Perón SENTIDO CENTRO,1,-58.46958442,-34.64949724
402,15,AGRONOMIA - CHACARITA -  PARQUE CHAS -  PATERNAL - VILLA CRESPO - VILLA ORTUZAR,Muñecas y Serrano,1,-58.44671397,-34.59970903
403,11,VILLA DEL PARQUE - VILLA  DEVOTO - VILLA GRAL. MITRE - VILLA SANTA RITA,"Artigas, Jose Gervasio, Gral. y Tres Arroyos",1,-58.47152163,-34.61474911
404,1,CONSTITUCION - MONTSERRAT - PUERTO MADERO - RETIRO - SAN NICOLAS - SAN TELMO,Solis e Independencia Av.,1,-58.39032921,-34.61807951
405,9,LINIERS - MATADEROS - PARQUE AVELLANEDA,"Bosch, Ventura y Paz, Gral. Av.",1,-58.52887773,-34.64297861
406,8,VILLA LUGANO - VILLA RIACHUELO - VILLA SOLDATI,"Paz, Gral. Av. 14800",1,-58.49371157,-34.67981324
407,9,LINIERS - MATADEROS - PARQUE AVELLANEDA,Av. Eva Perón 5321,1,-58.48266599,-34.66012327
408,3,BALVANERA - SAN CRISTOBAL,"Peron, Juan Domingo, Tte. General y Pueyrredon Av.",1,-58.40612253,-34.60774301
409,8,VILLA LUGANO - VILLA RIACHUELO - VILLA SOLDATI,Rabanal y San Pedrito,1,-58.43613623,-34.66292532
410,12,COGHLAN - SAAVEDRA - VILLA PUEYRREDON - VILLA URQUIZA,Monroe y Alvarez Thomas Av.,1,-58.48250732,-34.57208238
411,10,FLORESTA - MONTE CASTRO - VELEZ SARSFIELD - VERSALLES - VILLA LURO - VILLA REAL,Rivadavia Av. y Manzoni,1,-58.49945705,-34.6374328
412,8,VILLA LUGANO - VILLA RIACHUELO - VILLA SOLDATI,AU Dellepiane Luis Tte. Gral. y Larrazabal,1,-58.47743966,-34.67233407
413,9,LINIERS - MATADEROS - PARQUE AVELLANEDA,"Paz, Gral. Av. y Peron, Eva Av.",1,-58.5025179,-34.67450313
414,9,LINIERS - MATADEROS - PARQUE AVELLANEDA,AU Perito Moreno y Reservistas Argentinos,1,-58.52144411,-34.63682499
415,4,BARRACAS - BOCA - NUEVA POMPEYA - PARQUE PATRICIOS,Saenz Av. y Ventana,1,-58.41650465,-34.65084045
416,9,LINIERS - MATADEROS - PARQUE AVELLANEDA,Avda. General Paz y Cnel. Ramón Falcón,1,-58.52994219,-34.64055918
417,12,COGHLAN - SAAVEDRA - VILLA PUEYRREDON - VILLA URQUIZA,Av. Gral. Paz y Av. de los Constituyentes,1,-58.50993046,-34.56919739
418,9,LINIERS - MATADEROS - PARQUE AVELLANEDA,"Paz, Gral. Av. 11200",2,-58.52844623,-34.64592873
419,9,LINIERS - MATADEROS - PARQUE AVELLANEDA,"Paz, Gral. Av. 11200",2,-58.52844623,-34.64592873
420,15,AGRONOMIA - CHACARITA -  PARQUE CHAS -  PATERNAL - VILLA CRESPO - VILLA ORTUZAR,"Newbery, Jorge Av. y Guevara",1,-58.45021367,-34.58695347
421,10,FLORESTA - MONTE CASTRO - VELEZ SARSFIELD - VERSALLES - VILLA LURO - VILLA REAL,Gaona Av. y Segurola Av.,1,-58.49022072,-34.62770192
422,1,CONSTITUCION - MONTSERRAT - PUERTO MADERO - RETIRO - SAN NICOLAS - SAN TELMO,"Madero, Eduardo Av. 550",1,-58.36860866,-34.60106568
423,2,RECOLETA,"AU Arturo Illia y Castillo, Ramon S.",1,-58.39490504,-34.57241534
424,7,FLORES - PARQUE CHACABUCO,Nazca Av. y Rivadavia Av.,1,-58.46963952,-34.63070603
425,7,FLORES - PARQUE CHACABUCO,La Plata Av. y Caseros Av.,1,-58.42349365,-34.64019887
426,1,CONSTITUCION - MONTSERRAT - PUERTO MADERO - RETIRO - SAN NICOLAS - SAN TELMO,Belgrano Av. y Peru,1,-58.37471802,-34.61265002
427,7,FLORES - PARQUE CHACABUCO,Rivadavia Av. 7013,1,-58.46438789,-34.62913916
428,1,CONSTITUCION - MONTSERRAT - PUERTO MADERO - RETIRO - SAN NICOLAS - SAN TELMO,Adolfo Alsina y Santiago del Estero,1,-58.38481975,-34.61100424
429,10,FLORESTA - MONTE CASTRO - VELEZ SARSFIELD - VERSALLES - VILLA LURO - VILLA REAL,Bermudez 1893,1,-58.50751833,-34.62073702
430,7,FLORES - PARQUE CHACABUCO,Santander 1974,1,-58.44682986,-34.63888084
431,1,CONSTITUCION - MONTSERRAT - PUERTO MADERO - RETIRO - SAN NICOLAS - SAN TELMO,Julieta Lanteri 1400,1,-58.3600465,-34.61381341
432,5,ALMAGRO - BOEDO,Maza y Av. Independencia,1,-58.41509546,-34.62085945
433,12,COGHLAN - SAAVEDRA - VILLA PUEYRREDON - VILLA URQUIZA,"PAZ, GRAL. AV. 5172",1,-58.50997604,-34.57251072
434,10,FLORESTA - MONTE CASTRO - VELEZ SARSFIELD - VERSALLES - VILLA LURO - VILLA REAL,"Olivera Av. y Alberdi, Juan Bautista Av.",1,-58.48606475,-34.64047818
435,2,RECOLETA,"CASTILLO, RAMON S., PRES. AV. Y CALLE 12",1,-58.38526125,-34.5780581
436,7,FLORES - PARQUE CHACABUCO,"CASTAÑARES AV. Y MORENO, PERITO AV.",1,-58.45463662,-34.65082149
437,15,AGRONOMIA - CHACARITA -  PARQUE CHAS -  PATERNAL - VILLA CRESPO - VILLA ORTUZAR,SAN MARTIN AV. Y TERRADA,1,-58.49121672,-34.59718073
438,9,LINIERS - MATADEROS - PARQUE AVELLANEDA,"PERON, EVA AV. Y MEDINA",1,-58.47325712,-34.65284605
439,10,FLORESTA - MONTE CASTRO - VELEZ SARSFIELD - VERSALLES - VILLA LURO - VILLA REAL,"JUSTO, JUAN B. AV. Y ALVAREZ JONTE AV.",1,-58.52108101,-34.63382309
440,14,PALERMO,"OBLIGADO RAFAEL, AV. COSTANERA 4650",1,-58.41652702,-34.55509606
441,5,ALMAGRO - BOEDO,"MITRE, BARTOLOME Y YATAY",1,-58.42891604,-34.6107166
442,8,VILLA LUGANO - VILLA RIACHUELO - VILLA SOLDATI,"PAZ, GRAL. AV. 16080",1,-58.47802293,-34.69156793
443,1,CONSTITUCION - MONTSERRAT - PUERTO MADERO - RETIRO - SAN NICOLAS - SAN TELMO,CHACABUCO Y SAN JUAN AV.,1,-58.37564821,-34.62200207
444,14,PALERMO,DEL LIBERTADOR AV. 4100,2,-58.42668489,-34.56961468
445,14,PALERMO,DEL LIBERTADOR AV. 4100,2,-58.42668489,-34.56961468
446,9,LINIERS - MATADEROS - PARQUE AVELLANEDA,"PAZ, GRAL. AV. Y ALBERDI, JUAN BAUTISTA AV.",1,-58.5183993,-34.66252488
447,8,VILLA LUGANO - VILLA RIACHUELO - VILLA SOLDATI,"CASTAÑARES AV. Y GORDILLO, TIMOTEO",1,-58.48432691,-34.67665828
448,7,FLORES - PARQUE CHACABUCO,SALVIGNY Y MOM,1,-58.4338383,-34.64457699
449,11,VILLA DEL PARQUE - VILLA  DEVOTO - VILLA GRAL. MITRE - VILLA SANTA RITA,"LAMARCA, EMILIO 5402",1,-58.51664939,-34.58657938
450,11,VILLA DEL PARQUE - VILLA  DEVOTO - VILLA GRAL. MITRE - VILLA SANTA RITA,SAN MARTIN AV. 5638,1,-58.49613012,-34.59703502
451,4,BARRACAS - BOCA - NUEVA POMPEYA - PARQUE PATRICIOS,"CARRILLO, RAMON, DR. Y FINOCHIETTO ENRIQUE DR.",1,-58.38313603,-34.63356284
452,3,BALVANERA - SAN CRISTOBAL,MEXICO Y PICHINCHA,1,-58.39914719,-34.61632317
453,13,BELGRANO - COLEGIALES - NUÃ‘EZ,"CANTILO, INT. Y UDAONDO, GUILLERMO AV.",1,-58.44927253,-34.54048625
454,13,BELGRANO - COLEGIALES - NUÃ‘EZ,DEL LIBERTADOR AV. 6326,1,-58.45049163,-34.55374003
455,5,ALMAGRO - BOEDO,CHICLANA AV. 3444,1,-58.41288952,-34.63572989
456,7,FLORES - PARQUE CHACABUCO,BOYACA AV. Y YERBAL,1,-58.45743597,-34.62561234
457,1,CONSTITUCION - MONTSERRAT - PUERTO MADERO - RETIRO - SAN NICOLAS - SAN TELMO,ENTRE RIOS AV. BAJO PUENTE AUTOPISTA (1260 APROX),1,-58.39123782,-34.62352245
458,9,LINIERS - MATADEROS - PARQUE AVELLANEDA,"PAZ, GRAL. AV. Y JACQUES, AMADEO",1,-58.52922765,-34.63637963
459,1,CONSTITUCION - MONTSERRAT - PUERTO MADERO - RETIRO - SAN NICOLAS - SAN TELMO,ANTARTIDA ARGENTINA AV. 1325,1,-58.37208118,-34.58541957
460,5,ALMAGRO - BOEDO,"MITRE, BARTOLOME Y SANCHEZ DE BUSTAMANTE",1,-58.41458534,-34.60937557
461,8,VILLA LUGANO - VILLA RIACHUELO - VILLA SOLDATI,"FERNANDEZ DE LA CRUZ, F. , GRAL. AV. Y LARRAZABAL",1,-58.47976785,-34.69153196
462,2,RECOLETA,SANTA FE AV. Y AZCUENAGA,1,-58.39990285,-34.59511714
463,11,VILLA DEL PARQUE - VILLA  DEVOTO - VILLA GRAL. MITRE - VILLA SANTA RITA,"JUSTO, JUAN B. AV. y OROÑO, NICASIO",1,-58.46051346,-34.60588536
464,8,VILLA LUGANO - VILLA RIACHUELO - VILLA SOLDATI,"FERNANDEZ DE LA CRUZ, F. , GRAL. AV. Y LACARRA AV.",1,-58.47976785,-34.69153196
465,7,FLORES - PARQUE CHACABUCO,"ALVAREZ, DONATO, TTE. GRAL. Y YERBAL",1,-58.45457546,-34.62447891
466,1,CONSTITUCION - MONTSERRAT - PUERTO MADERO - RETIRO - SAN NICOLAS - SAN TELMO,"CORDOBA AV. Y MADERO, EDUARDO AV.",1,-58.36951669,-34.59832047
467,11,VILLA DEL PARQUE - VILLA  DEVOTO - VILLA GRAL. MITRE - VILLA SANTA RITA,"CAMARONES Y ALVAREZ, DONATO, TTE. GRAL. AV.",1,-58.46415322,-34.6044379
468,1,CONSTITUCION - MONTSERRAT - PUERTO MADERO - RETIRO - SAN NICOLAS - SAN TELMO,"AUTOPISTA 25 DE MAYO Y HUERGO, ING. AV.",1,-58.36607137,-34.62150748
469,7,FLORES - PARQUE CHACABUCO,"MORENO, PERITO AV. 3050",1,-58.45537373,-34.65093074
470,1,CONSTITUCION - MONTSERRAT - PUERTO MADERO - RETIRO - SAN NICOLAS - SAN TELMO,SUIPACHA 665,1,-58.37942637,-34.60053054
471,6,CABALLITO,RIGLOS Y FORMOSA,1,-58.4368044,-34.62147504
472,3,BALVANERA - SAN CRISTOBAL,LA RIOJA E INDEPENDENCIA AV.,1,-58.40778291,-34.61971907
473,13,BELGRANO - COLEGIALES - NUÃ‘EZ,"UDAONDO, GUILLERMO AV. Y FIGUEROA ALCORTA, PRES. AV.",1,-58.45212523,-34.54628513
474,10,FLORESTA - MONTE CASTRO - VELEZ SARSFIELD - VERSALLES - VILLA LURO - VILLA REAL,SANTO TOME Y SEGUROLA AV.,1,-58.50512382,-34.61520391
475,7,FLORES - PARQUE CHACABUCO,SAN PEDRITO AV. Y DIRECTORIO AV.,1,-58.46749188,-34.63551751
476,7,FLORES - PARQUE CHACABUCO,PUAN Y SANTANDER,1,-58.4426358,-34.63679732
477,9,LINIERS - MATADEROS - PARQUE AVELLANEDA,"ALBERDI, JUAN BAUTISTA AV. Y ANDALGALA",1,-58.51140289,-34.65846419
478,1,CONSTITUCION - MONTSERRAT - PUERTO MADERO - RETIRO - SAN NICOLAS - SAN TELMO,LIMA Y CONSTITUCION,1,-58.38211431,-34.62465368
479,1,CONSTITUCION - MONTSERRAT - PUERTO MADERO - RETIRO - SAN NICOLAS - SAN TELMO,"CORDOBA AV. Y MADERO, EDUARDO AV.",1,-58.36951669,-34.59832047
480,5,ALMAGRO - BOEDO,BOEDO AV. 650,1,-58.41635217,-34.62036547
481,14,PALERMO,DEL LIBERTADOR AV. Y REPUBLICA DE LA INDIA,1,-58.41316147,-34.57579669
482,13,BELGRANO - COLEGIALES - NUÃ‘EZ,GRAL PAZ Y CABILDO,1,-58.47617802,-34.53825652
483,4,BARRACAS - BOCA - NUEVA POMPEYA - PARQUE PATRICIOS,CASEROS AV. 1700,1,-58.38641783,-34.63330028
484,6,CABALLITO,AVELLANEDA AV. 1548,1,-58.45322169,-34.62038137
485,13,BELGRANO - COLEGIALES - NUÃ‘EZ,CIUDAD DE LA PAZ Y MENDOZA,1,-58.45849057,-34.56166498
486,14,PALERMO,"SALGUERO, JERONIMO Y HONDURAS AV.",1,-58.41829559,-34.59411677
487,4,BARRACAS - BOCA - NUEVA POMPEYA - PARQUE PATRICIOS,"FILIBERTO, JUAN DE DIOS Y OLAVARRIA",1,-58.36376488,-34.63832093
488,8,VILLA LUGANO - VILLA RIACHUELO - VILLA SOLDATI,ASTURIAS AV. Y CASTAÑARES AV.,1,-58.46442668,-34.66004784
489,15,AGRONOMIA - CHACARITA -  PARQUE CHAS -  PATERNAL - VILLA CRESPO - VILLA ORTUZAR,GANDARA 2976,1,-58.48222035,-34.58428769
490,1,CONSTITUCION - MONTSERRAT - PUERTO MADERO - RETIRO - SAN NICOLAS - SAN TELMO,"GUEVARA, TRINIDAD Y MADERO, EDUARDO AV.",1,-58.36819005,-34.60283208
491,7,FLORES - PARQUE CHACABUCO,BOYACA AV. 305,1,-58.45877601,-34.62330939
492,13,BELGRANO - COLEGIALES - NUÃ‘EZ,ARTILLEROS Y LA PAMPA,1,-58.44196498,-34.55760517
493,10,FLORESTA - MONTE CASTRO - VELEZ SARSFIELD - VERSALLES - VILLA LURO - VILLA REAL,AUTOPISTA PERITO MORENO ALTURA PASO A NIVEL DE IRIGOYEN,1,-58.50622631,-34.63627822
494,1,CONSTITUCION - MONTSERRAT - PUERTO MADERO - RETIRO - SAN NICOLAS - SAN TELMO,15 DE NOVIEMBRE DE 1889 Y SANTIAGO DEL ESTERO,1,-58.3841088,-34.63099197
495,10,FLORESTA - MONTE CASTRO - VELEZ SARSFIELD - VERSALLES - VILLA LURO - VILLA REAL,"ACOSTA, MARIANO AV. Y FALCON, RAMON L., CNEL.",1,-58.48100602,-34.63504312
496,13,BELGRANO - COLEGIALES - NUÃ‘EZ,11 DE SEPTIEMBRE DE 1888 Y MENDOZA,1,-58.45200171,-34.5578132
497,13,BELGRANO - COLEGIALES - NUÃ‘EZ,"PINO, VIRREY DEL Y CAMPOS, LUIS M. AV.",1,-58.44462132,-34.56201105
498,15,AGRONOMIA - CHACARITA -  PARQUE CHAS -  PATERNAL - VILLA CRESPO - VILLA ORTUZAR,FOREST AV. Y MAURE,1,-58.45220688,-34.58711712
499,7,FLORES - PARQUE CHACABUCO,"BOYACA AV. Y AVELLANEDA AV,",1,-58.4596221,-34.6224514
500,4,BARRACAS - BOCA - NUEVA POMPEYA - PARQUE PATRICIOS,BARCO CENTENERA DEL Y TILCARA,1,-58.4197085,-34.65414867
501,7,FLORES - PARQUE CHACABUCO,RIESTRA AV. Y BOLIVAR,1,-58.44187596,-34.64938031
502,10,FLORESTA - MONTE CASTRO - VELEZ SARSFIELD - VERSALLES - VILLA LURO - VILLA REAL,"CASTRO, EMILIO 4706",1,-58.49101637,-34.64276621
503,8,VILLA LUGANO - VILLA RIACHUELO - VILLA SOLDATI,27 DE FEBRERO AV. 5600,1,-58.42493829,-34.66256502
504,4,BARRACAS - BOCA - NUEVA POMPEYA - PARQUE PATRICIOS,"GARAY, JUAN DE AV. 2874",1,-58.40489318,-34.62930162
505,14,PALERMO,"SCALABRINI ORTIZ, RAUL AV. y GORRITI",1,-58.4268668,-34.59217875
506,9,LINIERS - MATADEROS - PARQUE AVELLANEDA,PRIMERA JUNTA Y OLIVERA AV.,1,-58.479611,-34.65620398
507,10,FLORESTA - MONTE CASTRO - VELEZ SARSFIELD - VERSALLES - VILLA LURO - VILLA REAL,"ALBERDI, JUAN BAUTISTA AV. Y AZUL",1,-58.47439934,-34.63524207
508,15,AGRONOMIA - CHACARITA -  PARQUE CHAS -  PATERNAL - VILLA CRESPO - VILLA ORTUZAR,ALVAREZ THOMAS AV. 1788,1,-58.46711912,-34.57926018
509,13,BELGRANO - COLEGIALES - NUÃ‘EZ,"LUGONES, LEOPOLDO AV. Y PAZ, GRAL. AV.",1,-58.46514781,-34.53465378
510,4,BARRACAS - BOCA - NUEVA POMPEYA - PARQUE PATRICIOS,SAN ANTONIO Y LUJAN,1,-58.37571078,-34.65584079
511,4,BARRACAS - BOCA - NUEVA POMPEYA - PARQUE PATRICIOS,AUTOPISTA 1 SUR PRESIDENTE ARTURO FRONDIZI ALTURA DON PEDRO DE MENDOZA AV.,1,-58.37157668,-34.65429986
512,14,PALERMO,"FIGUEROA ALCORTA, PRES. AV. Y TAGLE",1,-58.39811256,-34.58070186
513,4,BARRACAS - BOCA - NUEVA POMPEYA - PARQUE PATRICIOS,"EINSTEIN, ALBERTO Y ALCORTA, AMANCIO AV.",1,-58.41125934,-34.6541774
514,5,ALMAGRO - BOEDO,AGRELO Y COLOMBRES,1,-58.41822901,-34.61866836
515,13,BELGRANO - COLEGIALES - NUÃ‘EZ,"CABILDO AV. y PAZ, GRAL. AV.",1,-58.47617802,-34.53825652
516,15,AGRONOMIA - CHACARITA -  PARQUE CHAS -  PATERNAL - VILLA CRESPO - VILLA ORTUZAR,ELCANO AV. 4300,1,-58.46141281,-34.58623761
517,8,VILLA LUGANO - VILLA RIACHUELO - VILLA SOLDATI,"RABANAL, FRANCISCO, INTENDENTE AV. 2428",1,-58.42985146,-34.6611974
518,9,LINIERS - MATADEROS - PARQUE AVELLANEDA,MONTE Y CORVALAN,1,-58.48457413,-34.6583909
519,7,FLORES - PARQUE CHACABUCO,TANDIL Y LA FUENTE,1,-58.46572884,-34.63628186
520,10,FLORESTA - MONTE CASTRO - VELEZ SARSFIELD - VERSALLES - VILLA LURO - VILLA REAL,CARDOSO Y BACACAY,1,-58.49261744,-34.6341913
521,15,AGRONOMIA - CHACARITA -  PARQUE CHAS -  PATERNAL - VILLA CRESPO - VILLA ORTUZAR,CORRIENTES AV. 6700,1,-58.45283186,-34.5884156
522,12,COGHLAN - SAAVEDRA - VILLA PUEYRREDON - VILLA URQUIZA,ALVAREZ THOMAS AV. Y MENDOZA,1,-58.47973681,-34.57418656
523,4,BARRACAS - BOCA - NUEVA POMPEYA - PARQUE PATRICIOS,"ALCORTA, AMANCIO AV. Y BONAVENA, OSCAR NATALIO",1,-58.40623949,-34.65076549
524,4,BARRACAS - BOCA - NUEVA POMPEYA - PARQUE PATRICIOS,"BROWN, ALTE. AV. Y BLANES, JUAN MANUEL",1,-58.36244648,-34.63107887
525,9,LINIERS - MATADEROS - PARQUE AVELLANEDA,"ALBERDI, JUAN BAUTISTA AV. 5455",1,-58.49962423,-34.64868027
526,15,AGRONOMIA - CHACARITA -  PARQUE CHAS -  PATERNAL - VILLA CRESPO - VILLA ORTUZAR,"JUSTO, JUAN B. AV. Y CAMARGO",1,-58.44551437,-34.59559816
527,4,BARRACAS - BOCA - NUEVA POMPEYA - PARQUE PATRICIOS,"BRIN, MINISTRO Y SUAREZ",1,-58.35608181,-34.63420319
528,11,VILLA DEL PARQUE - VILLA  DEVOTO - VILLA GRAL. MITRE - VILLA SANTA RITA,"NIZA Y JUSTO, JUAN B. AV.",1,-58.46483679,-34.60907662
529,15,AGRONOMIA - CHACARITA -  PARQUE CHAS -  PATERNAL - VILLA CRESPO - VILLA ORTUZAR,CAMARGO Y SERRANO,1,-58.44368628,-34.59724326
530,1,CONSTITUCION - MONTSERRAT - PUERTO MADERO - RETIRO - SAN NICOLAS - SAN TELMO,AUTOPISTA 1 SUR PRESIDENTE ARTURO FRONDIZI ALTURA CASEROS AV.,1,-58.37864583,-34.62907067
531,1,CONSTITUCION - MONTSERRAT - PUERTO MADERO - RETIRO - SAN NICOLAS - SAN TELMO,CASEROS AV. Y PIEDRAS,1,-58.37560352,-34.62726382
532,9,LINIERS - MATADEROS - PARQUE AVELLANEDA,"AUTOPISTA PERITO MORENO KM 5,6",1,-58.47721439,-34.64815069
533,15,AGRONOMIA - CHACARITA -  PARQUE CHAS -  PATERNAL - VILLA CRESPO - VILLA ORTUZAR,GUZMAN 365,1,-58.45134029,-34.58984288
534,12,COGHLAN - SAAVEDRA - VILLA PUEYRREDON - VILLA URQUIZA,de los constituyentes av. 4300,1,-58.49040794,-34.58368803
535,4,BARRACAS - BOCA - NUEVA POMPEYA - PARQUE PATRICIOS,"MORENO, PERITO AV. Y TILCARA AV.",1,-58.42102679,-34.64991178
536,9,LINIERS - MATADEROS - PARQUE AVELLANEDA,"IBARROLA Y GORDILLO, TIMOTEO",1,-58.52219407,-34.64143926
537,11,VILLA DEL PARQUE - VILLA  DEVOTO - VILLA GRAL. MITRE - VILLA SANTA RITA,"PAZ, GRAL. AV. Y GRIVEO",1,-58.52169422,-34.5947164
538,10,FLORESTA - MONTE CASTRO - VELEZ SARSFIELD - VERSALLES - VILLA LURO - VILLA REAL,RIVADAVIA AV. Y PERGAMINO,1,-58.47460416,-34.63206174
539,15,AGRONOMIA - CHACARITA -  PARQUE CHAS -  PATERNAL - VILLA CRESPO - VILLA ORTUZAR,URIARTE Y LOYOLA,1,-58.43910409,-34.59213355
540,7,FLORES - PARQUE CHACABUCO,SARAZA Y VARELA AV.,1,-58.45019436,-34.64646409
541,3,BALVANERA - SAN CRISTOBAL,RIVADAVIA AV. Y COMBATE DE LOS POZOS,1,-58.39337644,-34.60927582
542,1,CONSTITUCION - MONTSERRAT - PUERTO MADERO - RETIRO - SAN NICOLAS - SAN TELMO,RODRIGUEZ PEÑA Y RIVADAVIA AV.,1,-58.39055614,-34.60919284
543,3,BALVANERA - SAN CRISTOBAL,24 DE NOVIEMBRE Y SAN JUAN AV.,1,-58.41036975,-34.62477021
544,8,VILLA LUGANO - VILLA RIACHUELO - VILLA SOLDATI,LAFUENTE AV. 2250,1,-58.44925765,-34.65412546
545,1,CONSTITUCION - MONTSERRAT - PUERTO MADERO - RETIRO - SAN NICOLAS - SAN TELMO,CHILE Y LIMA ,1,-58.3815685,-34.61648696
546,2,RECOLETA,CORDOBA AV. Y JEAN JAURES,1,-58.40662899,-34.59804521
547,5,ALMAGRO - BOEDO,"PERON, JUAN DOMINGO, TTE. GENERAL Y SALGUERO, JERONIMO",1,-58.41985649,-34.6060085
548,1,CONSTITUCION - MONTSERRAT - PUERTO MADERO - RETIRO - SAN NICOLAS - SAN TELMO,9 DE JULIO AV. Y SAN JUAN AV.,1,-58.38099833,-34.62214953
549,5,ALMAGRO - BOEDO,COLOMBRES 466,1,-58.41803309,-34.61823178
550,3,BALVANERA - SAN CRISTOBAL,MEXICO 2860,1,-58.40604003,-34.61783553
551,15,AGRONOMIA - CHACARITA -  PARQUE CHAS -  PATERNAL - VILLA CRESPO - VILLA ORTUZAR,COMBATIENTES DE MALVINAS AV. Y TRIUNVITARO AV.,1,-58.47549929,-34.57994061
552,11,VILLA DEL PARQUE - VILLA  DEVOTO - VILLA GRAL. MITRE - VILLA SANTA RITA,BERMUDEZ Y NOGOYA,1,-58.51398484,-34.61600366
553,1,CONSTITUCION - MONTSERRAT - PUERTO MADERO - RETIRO - SAN NICOLAS - SAN TELMO,BRASIL AV. Y PASEO COLON AV.,1,-58.36797542,-34.62519403
554,1,CONSTITUCION - MONTSERRAT - PUERTO MADERO - RETIRO - SAN NICOLAS - SAN TELMO,"ALEM,LEANDRO N. AV. 770",1,-58.37133616,-34.59879316
555,3,BALVANERA - SAN CRISTOBAL,BELGRANO AV. Y RINCON,1,-58.39613805,-34.61413568
556,13,BELGRANO - COLEGIALES - NUÃ‘EZ,"UDAONDO, GUILLERMO AV. 901",1,-58.44903073,-34.54200276
557,5,ALMAGRO - BOEDO,CONSTITUCION Y CASTRO,1,-58.41972364,-34.6284667
558,3,BALVANERA - SAN CRISTOBAL,"PUEYRREDON AV. Y GOMEZ, VALENTIN",1,-58.40571596,-34.60557123
559,2,RECOLETA,"BRAVO, MARIO 1279",1,-58.4145159,-34.59488319
560,9,LINIERS - MATADEROS - PARQUE AVELLANEDA,"DELLEPIANE, LUIS, TTE. GRAL. Y ESCALADA AV.",1,-58.47297505,-34.66245085
561,4,BARRACAS - BOCA - NUEVA POMPEYA - PARQUE PATRICIOS,"ARAOZ DE LAMADRID, GREGORIO, GRAL. Y BROWN, ALTE. AV.",1,-58.35791192,-34.63695178
562,9,LINIERS - MATADEROS - PARQUE AVELLANEDA,MURGUIONDO 1339,1,-58.50801713,-34.65177305
563,3,BALVANERA - SAN CRISTOBAL,RIVADAVIA AV. 2551,1,-58.40258477,-34.60975108
564,14,PALERMO,"LUGONES, LEOPOLDO AV. KM 6,1",1,,
565,8,VILLA LUGANO - VILLA RIACHUELO - VILLA SOLDATI,"DELLEPIANE, LUIS, TTE. GRAL. Y MONTIEL",1,-58.48267426,-34.68454456
566,15,AGRONOMIA - CHACARITA -  PARQUE CHAS -  PATERNAL - VILLA CRESPO - VILLA ORTUZAR,"SCALABRINI ORTIZ, RAUL AV. Y WARNES AV.",1,-58.44248936,-34.60221948
567,9,LINIERS - MATADEROS - PARQUE AVELLANEDA,"PAZ, GRAL. AV. y ROFFO, ANGEL H., DR.",1,-58.52909134,-34.63886726
568,6,CABALLITO,SAN MARTIN AV. 1550,1,-58.45158942,-34.6064658
569,9,LINIERS - MATADEROS - PARQUE AVELLANEDA,"GARZON, EUGENIO, GRAL. AV. y LARRAYA",1,-58.49344309,-34.65788529
570,15,AGRONOMIA - CHACARITA -  PARQUE CHAS -  PATERNAL - VILLA CRESPO - VILLA ORTUZAR,CORRIENTES AV. Y SERRANO,1,-58.44259166,-34.59635137
571,13,BELGRANO - COLEGIALES - NUÃ‘EZ,"PAZ, GRAL. AV. Y DEL LIBERTADOR AV.",1,-58.46743471,-34.53476874
572,3,BALVANERA - SAN CRISTOBAL,"MITRE, BARTOLOME Y ANCHORENA, TOMAS MANUEL DE, DR.",1,-58.41178158,-34.60922259
573,7,FLORES - PARQUE CHACABUCO,"AU 25 DE MAYO ALTURA PUMACAHUA Y RECUERO, CASIMIRO, TTE. CNEL.",1,-58.45068621,-34.63638927
574,14,PALERMO,"SCALABRINI ORTIZ, RAUL AV. Y PARAGUAY",1,-58.42016954,-34.5877879
575,8,VILLA LUGANO - VILLA RIACHUELO - VILLA SOLDATI,"FERNANDEZ DE LA CRUZ, F., GRAL. AV. Y VARELA AV.",1,-58.43850413,-34.65554754
576,14,PALERMO,"LAS HERAS GENERAL AV. Y DIAZ, CNEL. AV.",2,-58.40617526,-34.58345898
577,14,PALERMO,"LAS HERAS GENERAL AV. Y DIAZ, CNEL. AV.",2,-58.40617526,-34.58345898
578,9,LINIERS - MATADEROS - PARQUE AVELLANEDA,MURGUIONDO 2700,1,,
579,2,RECOLETA,"CASTILLO, RAMON S., PRES. AV. Y CALLE 12",1,-58.38526125,-34.5780581
580,7,FLORES - PARQUE CHACABUCO,"CURAPALIGUE Y PERON, EVA AV.",1,-58.4475047,-34.63491705
581,8,VILLA LUGANO - VILLA RIACHUELO - VILLA SOLDATI,"DIAZ, ANA Y SOLDADO DE LA FRONTERA AV.",1,-58.46745752,-34.68192648
582,1,CONSTITUCION - MONTSERRAT - PUERTO MADERO - RETIRO - SAN NICOLAS - SAN TELMO,"ALEM, LEANDRO N. AV. Y PARAGUAY",1,-58.37202621,-34.59717942
583,6,CABALLITO,LA PLATA AV. E INDEPENDENCIA,1,-58.42779702,-34.62207347
584,8,VILLA LUGANO - VILLA RIACHUELO - VILLA SOLDATI,"PAZ, GRAL. AV. Y 27 DE FEBRERO AV.",1,-58.46244952,-34.70524971
585,11,VILLA DEL PARQUE - VILLA  DEVOTO - VILLA GRAL. MITRE - VILLA SANTA RITA,"NAZCA AV. Y CARRANZA, ADOLFO P.",1,-58.4844016,-34.60776782
586,9,LINIERS - MATADEROS - PARQUE AVELLANEDA,AUTOPISTA CAMPORA ALTURA LACARRA AV.,1,-58.46668375,-34.65174801
587,15,AGRONOMIA - CHACARITA -  PARQUE CHAS -  PATERNAL - VILLA CRESPO - VILLA ORTUZAR,DORREGO AV. 614,1,-58.4495878,-34.59322448
588,1,CONSTITUCION - MONTSERRAT - PUERTO MADERO - RETIRO - SAN NICOLAS - SAN TELMO,"DEL LIBERTADOR AV. Y RAMOS MEJIA, JOSE MARIA, DR. AV.",1,-58.37533517,-34.59276462
589,14,PALERMO,SANTA FE AV. Y GODOY CRUZ,1,-58.42525456,-34.57866344
590,10,FLORESTA - MONTE CASTRO - VELEZ SARSFIELD - VERSALLES - VILLA LURO - VILLA REAL,AVELLANEDA AV. Y MERCEDES,1,-58.48493828,-34.62981124
591,3,BALVANERA - SAN CRISTOBAL,TUCUMAN Y PUEYRREDON AV.,1,-58.40480504,-34.60183884
592,4,BARRACAS - BOCA - NUEVA POMPEYA - PARQUE PATRICIOS,"ALCORTA, AMANCIO AV. Y EINSTEIN, ALBERTO",1,-58.41125934,-34.6541774
593,4,BARRACAS - BOCA - NUEVA POMPEYA - PARQUE PATRICIOS,INCLAN Y ALBERTI,1,-58.39956546,-34.6297708
594,12,COGHLAN - SAAVEDRA - VILLA PUEYRREDON - VILLA URQUIZA,OLAZABAL AV. 5437,1,-58.49005682,-34.5786897
595,8,VILLA LUGANO - VILLA RIACHUELO - VILLA SOLDATI,"PAZ, GRAL. AV. Y DOCTOR RAMON CARRILLO",1,-58.47064556,-34.69843756
596,11,VILLA DEL PARQUE - VILLA  DEVOTO - VILLA GRAL. MITRE - VILLA SANTA RITA,"NAZCA AV. Y VIALE, LUIS",1,-58.4750156,-34.61945902
597,10,FLORESTA - MONTE CASTRO - VELEZ SARSFIELD - VERSALLES - VILLA LURO - VILLA REAL,"OLIVERA AV. Y FALCON, RAMON L., CNEL.",1,-58.48727942,-34.63652467
598,1,CONSTITUCION - MONTSERRAT - PUERTO MADERO - RETIRO - SAN NICOLAS - SAN TELMO,BRASIL 1100,1,-58.3795169,-34.62794241
599,9,LINIERS - MATADEROS - PARQUE AVELLANEDA,"HOMERO Y PERON, EVA AV.",1,-58.47750832,-34.65672199
600,13,BELGRANO - COLEGIALES - NUÃ‘EZ,"CANTILO, INT. Y UDAONDO, GUILLERMO AV.",1,-58.44927253,-34.54048625
601,3,BALVANERA - SAN CRISTOBAL,MORENO 1845,1,-58.39246272,-34.61253541
602,11,VILLA DEL PARQUE - VILLA  DEVOTO - VILLA GRAL. MITRE - VILLA SANTA RITA,NUEVA YORK Y ALTA GRACIA,2,-58.52783814,-34.61047001
603,11,VILLA DEL PARQUE - VILLA  DEVOTO - VILLA GRAL. MITRE - VILLA SANTA RITA,NUEVA YORK Y ALTA GRACIA,2,-58.52783814,-34.61047001
604,12,COGHLAN - SAAVEDRA - VILLA PUEYRREDON - VILLA URQUIZA,"PAZ, GRAL. AV. Y GOYENECHE, ROBERTO PARQUE AV.",1,-58.49332664,-34.54836855
605,10,FLORESTA - MONTE CASTRO - VELEZ SARSFIELD - VERSALLES - VILLA LURO - VILLA REAL,AUTOPISTA PERITO MORENO ALTURA ESTACION DE TREN VILLA LURO,1,-58.50178784,-34.63593897
606,4,BARRACAS - BOCA - NUEVA POMPEYA - PARQUE PATRICIOS,SAENZ AV. Y BEAZLEY,1,-58.41657793,-34.65476216
607,2,RECOLETA,DEL LIBERTADOR AV. Y AUSTRIA,1,-58.39731474,-34.58307887
608,1,CONSTITUCION - MONTSERRAT - PUERTO MADERO - RETIRO - SAN NICOLAS - SAN TELMO,"INDEPENDENCIA AV. Y SAENZ PEÑA, LUIS, PRES.",1,-58.38746381,-34.61790839
609,2,RECOLETA,"CALLAO AV. Y LAS HERAS, GENERAL",1,-58.39189441,-34.59176378
610,7,FLORES - PARQUE CHACABUCO,SAN PEDRITO AV. Y DIRECTORIO AV.,1,-58.46749188,-34.63551751
611,3,BALVANERA - SAN CRISTOBAL,"JUJUY AV. Y CARLOS, CALVO",1,-58.40280471,-34.62113271
612,8,VILLA LUGANO - VILLA RIACHUELO - VILLA SOLDATI,27 DE FEBRERO AV. Y ESCALADA AV.,1,-58.44451316,-34.68475866
613,7,FLORES - PARQUE CHACABUCO,BOGOTA Y NAZCA AV.,1,-58.47110424,-34.62742408
614,1,CONSTITUCION - MONTSERRAT - PUERTO MADERO - RETIRO - SAN NICOLAS - SAN TELMO,CORRIENTES AV. Y 9 DE JULIO AV.,1,-58.38220928,-34.60373898
615,10,FLORESTA - MONTE CASTRO - VELEZ SARSFIELD - VERSALLES - VILLA LURO - VILLA REAL,ALVAREZ JONTE AV. Y CHIVILCOY,1,-58.49794468,-34.61565025
616,15,AGRONOMIA - CHACARITA -  PARQUE CHAS -  PATERNAL - VILLA CRESPO - VILLA ORTUZAR,SAN MARTIN AV. Y PUNTA ARENAS,2,-58.47220945,-34.60111373
617,15,AGRONOMIA - CHACARITA -  PARQUE CHAS -  PATERNAL - VILLA CRESPO - VILLA ORTUZAR,SAN MARTIN AV. Y PUNTA ARENAS,2,-58.47220945,-34.60111373
618,7,FLORES - PARQUE CHACABUCO,BARCO CENTENERA DEL 1118,1,-58.43706741,-34.63217813
619,12,COGHLAN - SAAVEDRA - VILLA PUEYRREDON - VILLA URQUIZA,"PAZ, GRAL. AV. Y ACCESO NORTE - PANAMERICANA",1,-58.49332664,-34.54836855
620,1,CONSTITUCION - MONTSERRAT - PUERTO MADERO - RETIRO - SAN NICOLAS - SAN TELMO,AU FRONDIZI KM. 3,1,-58.37960727,-34.62622851
621,9,LINIERS - MATADEROS - PARQUE AVELLANEDA,"CASTRO, EMILIO AV. Y MURGUIONDO",1,-58.51061062,-34.64972472
622,7,FLORES - PARQUE CHACABUCO,"AU 25 DE MAYO KM. 3,7",1,-58.43052224,-34.62941648
623,5,ALMAGRO - BOEDO,CASEROS AV. Y GUARANI,1,-58.41455544,-34.63866836
624,9,LINIERS - MATADEROS - PARQUE AVELLANEDA,"PERON, EVA AV. 3800",1,-58.46774439,-34.64730145
625,14,PALERMO,AU ILLIA y SARMIENTO AV.,1,-58.40786274,-34.56726817
626,15,AGRONOMIA - CHACARITA -  PARQUE CHAS -  PATERNAL - VILLA CRESPO - VILLA ORTUZAR,DE LOS CONSTITUYENTES AV. Y GIRIBONE,1,-58.48744301,-34.58622275
627,4,BARRACAS - BOCA - NUEVA POMPEYA - PARQUE PATRICIOS,"SAENZ AV. Y RABANAL, FRANCISCO, INTENDENTE AV.",1,-58.41657793,-34.65476216
628,6,CABALLITO,PAYSANDU Y GAONA,1,-58.45351111,-34.61134937
629,12,COGHLAN - SAAVEDRA - VILLA PUEYRREDON - VILLA URQUIZA,"PAZ, GRAL. AV. Y BALBIN, RICARDO, DR. AV. ",1,-58.5007381,-34.5497951
630,2,RECOLETA,SANTA FE AV. 1675,1,-58.39144148,-34.59564871
631,8,VILLA LUGANO - VILLA RIACHUELO - VILLA SOLDATI,AU DELLEPIANE Y GUAMINI,1,-58.48191128,-34.68385968
632,10,FLORESTA - MONTE CASTRO - VELEZ SARSFIELD - VERSALLES - VILLA LURO - VILLA REAL,"FALCON, RAMON L., CNEL. Y OLIVERA AV.",1,-58.48727942,-34.63652467
633,15,AGRONOMIA - CHACARITA -  PARQUE CHAS -  PATERNAL - VILLA CRESPO - VILLA ORTUZAR,SAN MARTIN AV. Y NOGOYA,1,-58.48328708,-34.59779521
634,15,AGRONOMIA - CHACARITA -  PARQUE CHAS -  PATERNAL - VILLA CRESPO - VILLA ORTUZAR,SAN MARTIN AV. Y TINOGASTA,1,-58.49018543,-34.5972499
635,8,VILLA LUGANO - VILLA RIACHUELO - VILLA SOLDATI,"FERNANDEZ DE LA CRUZ, F., GRAL. AV. Y DE LA TORRE, LISANDRO",1,-58.47230127,-34.68482689
636,1,CONSTITUCION - MONTSERRAT - PUERTO MADERO - RETIRO - SAN NICOLAS - SAN TELMO,SALTA Y CASEROS AV.,1,-58.38262614,-34.63168269
637,3,BALVANERA - SAN CRISTOBAL,"JAURES, JEAN Y PERON, JUAN DOMINGO, TTE. GENERAL",1,-58.41047268,-34.60793518
638,12,COGHLAN - SAAVEDRA - VILLA PUEYRREDON - VILLA URQUIZA,"TRIUNVIRATO AV. Y LARRALDE, CRISOLOGO AV.",1,-58.49659234,-34.56353635
639,5,ALMAGRO - BOEDO,POTOSI Y GASCON,1,-58.42462955,-34.60727189
640,3,BALVANERA - SAN CRISTOBAL,"YRIGOYEN, HIPOLITO Y  24 DE NOVIEMBRE",1,-58.41168345,-34.61185625
641,13,BELGRANO - COLEGIALES - NUÃ‘EZ,DEL LIBERTADOR AV. Y ROOSEVELT FRANKLIN D.,1,-58.45157681,-34.55217303
642,4,BARRACAS - BOCA - NUEVA POMPEYA - PARQUE PATRICIOS,"AU BUENOS AIRES LA PLATA  KM 4,5",1,,
643,9,LINIERS - MATADEROS - PARQUE AVELLANEDA,"PERON, EVA AV. y PIEDRA BUENA AV",1,-58.49573651,-34.67006054
644,8,VILLA LUGANO - VILLA RIACHUELO - VILLA SOLDATI,"PAZ, GRAL. AV. y DELLEPIANE, LUIS, TTE. GRAL",1,-58.48695354,-34.68795245
645,4,BARRACAS - BOCA - NUEVA POMPEYA - PARQUE PATRICIOS,"AU FRONDIZI ALTURA QUINQUELA MARTIN, BENITO",1,-58.37562539,-34.64449357
646,12,COGHLAN - SAAVEDRA - VILLA PUEYRREDON - VILLA URQUIZA,"PAZ, GRAL. AV. y DONADO",1,-58.49491054,-34.54795581
647,7,FLORES - PARQUE CHACABUCO,"COREA AV. y TORRES Y TENORIO, PRES",1,-58.44147621,-34.64357704
648,7,FLORES - PARQUE CHACABUCO,"FALCON, RAMON L., CNEL. Y SAN PEDRITO AV.",1,-58.46899119,-34.63215432
649,4,BARRACAS - BOCA - NUEVA POMPEYA - PARQUE PATRICIOS,FINOCHIETTO ENRIQUE DR. 1623,1,-58.38685612,-34.63455776
650,1,CONSTITUCION - MONTSERRAT - PUERTO MADERO - RETIRO - SAN NICOLAS - SAN TELMO,9 DE JULIO AV. E INDEPENDENCIA AV.,1,-58.38113667,-34.61765323
651,13,BELGRANO - COLEGIALES - NUÃ‘EZ,"AU CANTILO Y GUIRALDES, INT.",1,-58.44112678,-34.54538956
652,5,ALMAGRO - BOEDO,AU 25 DE MAYO ALTURA BAJADA BOEDO AV.,1,-58.41595919,-34.62743346
653,4,BARRACAS - BOCA - NUEVA POMPEYA - PARQUE PATRICIOS,"ALCORTA, AMANCIO AV. y ZAVALETA",1,-58.40184094,-34.64546845
654,8,VILLA LUGANO - VILLA RIACHUELO - VILLA SOLDATI,"JANER, ANA MARIA Y LAFUENTE AV.",1,-58.44642231,-34.65679806
655,11,VILLA DEL PARQUE - VILLA  DEVOTO - VILLA GRAL. MITRE - VILLA SANTA RITA,"PAZ, GRAL. AV. Y MOSCONI GENERAL AV.",1,-58.52340614,-34.59798754
656,13,BELGRANO - COLEGIALES - NUÃ‘EZ,"MONROE Y BALBIN, RICARDO, DR. AV.",1,-58.46649069,-34.56219075
657,14,PALERMO,"JUSTO, JUAN B. AV. Y SANTA FE AV.",1,-58.42653328,-34.57816791
658,9,LINIERS - MATADEROS - PARQUE AVELLANEDA,"OLIDEN Y ALBERDI, JUAN BAUTISTA AV.",1,-58.50407099,-34.65303372
659,13,BELGRANO - COLEGIALES - NUÃ‘EZ,"PAZ, GRAL. AV. Y DEL LIBERTADOR AV.",1,-58.46743471,-34.53476874
660,14,PALERMO,DEL LIBERTADOR AV. Y CASARES AV.,1,-58.40986646,-34.5772806
661,9,LINIERS - MATADEROS - PARQUE AVELLANEDA,RIVADAVIA AV. 10900,1,-58.51739138,-34.63931792
662,9,LINIERS - MATADEROS - PARQUE AVELLANEDA,"ALBERDI, JUAN BAUTISTA AV. Y PILAR",1,-58.50719962,-34.65556223
663,9,LINIERS - MATADEROS - PARQUE AVELLANEDA,"PERON, EVA AV. Y ACOSTA, MARIANO",1,-58.46712311,-34.64600222
664,4,BARRACAS - BOCA - NUEVA POMPEYA - PARQUE PATRICIOS,AU FRONDIZI Y SUAREZ AV.,1,-58.37709334,-34.64035082
665,15,AGRONOMIA - CHACARITA -  PARQUE CHAS -  PATERNAL - VILLA CRESPO - VILLA ORTUZAR,EL CANO AV. Y GUZMAN AV.,1,-58.46033141,-34.58569883
666,4,BARRACAS - BOCA - NUEVA POMPEYA - PARQUE PATRICIOS,"VEDIA, AGUSTIN DE Y RABANAL, FRANCISCO, INTENDENTE AV.",1,-58.42190745,-34.65633192
667,12,COGHLAN - SAAVEDRA - VILLA PUEYRREDON - VILLA URQUIZA,CAPDEVILLA Y CONGRESO AV.,1,-58.49026573,-34.5698141
668,8,VILLA LUGANO - VILLA RIACHUELO - VILLA SOLDATI,"FERNANDEZ DE LA CRUZ, F., GRAL. AV. 4000",1,-58.45410344,-34.66902702
669,13,BELGRANO - COLEGIALES - NUÃ‘EZ,DEL LIBERTADOR AV. 5958,1,-58.44751621,-34.55719892
670,4,BARRACAS - BOCA - NUEVA POMPEYA - PARQUE PATRICIOS,27 DE FEBRERO AV. Y EREZCANO AV.,1,-58.42040352,-34.66005171
671,8,VILLA LUGANO - VILLA RIACHUELO - VILLA SOLDATI,"PAZ, GRAL. AV. 14723",1,-58.49530249,-34.68010798
672,15,AGRONOMIA - CHACARITA -  PARQUE CHAS -  PATERNAL - VILLA CRESPO - VILLA ORTUZAR,CORRIENTES AV. 5783,1,-58.44399875,-34.5947736
673,4,BARRACAS - BOCA - NUEVA POMPEYA - PARQUE PATRICIOS,TABARE Y EREZCANO,1,-58.42759813,-34.65463857
674,3,BALVANERA - SAN CRISTOBAL,CORRIENTES AV. Y PUEYRREDOR AV.,1,-58.40547222,-34.60456293
675,4,BARRACAS - BOCA - NUEVA POMPEYA - PARQUE PATRICIOS,"CORRALES Y MORENO, PERITO AV.",1,-58.42473018,-34.6500828
676,2,RECOLETA,"AU ILLIA KM 3.2, ALTURA CABINAS DE PEAJE",1,-58.39257023,-34.57563957
677,12,COGHLAN - SAAVEDRA - VILLA PUEYRREDON - VILLA URQUIZA,AV. GRAL. PAZ Y VEDIA,1,-58.48941042,-34.54596153
678,3,BALVANERA - SAN CRISTOBAL,"GARAY, JUAN DE AV. 2269",1,-58.3964074,-34.62783085
679,5,ALMAGRO - BOEDO,"SALGUERO, JERONIMO Y RIVADAVIA AV.",1,-58.41971993,-34.6111224
680,4,BARRACAS - BOCA - NUEVA POMPEYA - PARQUE PATRICIOS,"MORENO, PERITO AV. Y ALCORTA, AMANCIO AV.",1,-58.40544588,-34.65012801
681,4,BARRACAS - BOCA - NUEVA POMPEYA - PARQUE PATRICIOS,LA PLATA AV. 2723,1,-58.42003882,-34.64645957
682,7,FLORES - PARQUE CHACABUCO,"ALBERDI, JUAN BAUTISTA AV. 2906",1,-58.46851293,-34.63348678
683,9,LINIERS - MATADEROS - PARQUE AVELLANEDA,"PAZ, GRAL. AV. Y TONELERO",1,-58.52931141,-34.65422917
684,6,CABALLITO,Av. SAN JUAN Y AV. LA PLATA,1,-58.42675754,-34.6269973
685,11,VILLA DEL PARQUE - VILLA  DEVOTO - VILLA GRAL. MITRE - VILLA SANTA RITA,Av. LOPE DE VEGA Y AV. GRAL. PAZ,1,-58.52933723,-34.61098186
686,1,CONSTITUCION - MONTSERRAT - PUERTO MADERO - RETIRO - SAN NICOLAS - SAN TELMO,"AU FRONDIZI KM 2,9 (ALTURA BRASIL)",1,-58.37910943,-34.62764718
687,11,VILLA DEL PARQUE - VILLA  DEVOTO - VILLA GRAL. MITRE - VILLA SANTA RITA,"BEIRO, FRANCISCO AV. 5071",1,-58.52161176,-34.61164474
688,14,PALERMO,AV. SANTA FE 3428,1,-58.41354692,-34.5869768
689,8,VILLA LUGANO - VILLA RIACHUELO - VILLA SOLDATI,"CHILAVERT, MARTINIANO, CORONEL Y VARELA AV.",1,-58.43960781,-34.65470804
690,3,BALVANERA - SAN CRISTOBAL,SAN LUIS 2730,1,-58.4045461,-34.60003693
691,2,RECOLETA,CALLAO AV. Y PARAGUAY,1,-58.39303911,-34.59871111
692,2,RECOLETA,"DEL LIBERTADOR AV. Y AGOTE, LUIS DR.",1,-58.39391034,-34.58405348
693,12,COGHLAN - SAAVEDRA - VILLA PUEYRREDON - VILLA URQUIZA,"PAZ, GRAL. AV. Y BALBIN, RICARDO, DR. AV.",1,-58.5007381,-34.5497951
694,1,CONSTITUCION - MONTSERRAT - PUERTO MADERO - RETIRO - SAN NICOLAS - SAN TELMO,SALTA Y BRASIL,1,-58.38281301,-34.62786038
695,7,FLORES - PARQUE CHACABUCO,"MORENO, PERITO AV. 2152",1,-58.43980799,-34.65094083
696,6,CABALLITO,DIRECTORIO AV. 1169,1,-58.44402387,-34.62933109
697,6,CABALLITO,INDEPENDENCIA AV. Y LA PLATA AV.,1,-58.42779702,-34.62207347
698,3,BALVANERA - SAN CRISTOBAL,TUCUMAN 3112,1,-58.40944147,-34.60097942
699,1,CONSTITUCION - MONTSERRAT - PUERTO MADERO - RETIRO - SAN NICOLAS - SAN TELMO,ARENALES Y 9 DE JULIO AV.,1,-58.38277479,-34.5943016
700,4,BARRACAS - BOCA - NUEVA POMPEYA - PARQUE PATRICIOS,AU FRONDIZI SUBIDA BRANDSEN,1,-58.37627355,-34.63800916
701,3,BALVANERA - SAN CRISTOBAL,AU 25 DE MAYO KM7 (ALTURA PASCO),1,-58.39591856,-34.62453459
702,13,BELGRANO - COLEGIALES - NUÃ‘EZ,CABILDO AV. Y OLAZABAL,1,-58.45829717,-34.56015762
703,9,LINIERS - MATADEROS - PARQUE AVELLANEDA,TAPALQUE Y BRUIX AV.,1,-58.49142611,-34.64584795
704,1,CONSTITUCION - MONTSERRAT - PUERTO MADERO - RETIRO - SAN NICOLAS - SAN TELMO,PADRE CARLOS MUJICA 709,1,-58.37976155,-34.58679619
705,12,COGHLAN - SAAVEDRA - VILLA PUEYRREDON - VILLA URQUIZA,"PAZ, GRAL. AV. Y EZEIZA",1,-58.51271409,-34.57786555
706,6,CABALLITO,RIVADAVIA AV. Y PUAN,1,-58.44864864,-34.62352826
707,1,CONSTITUCION - MONTSERRAT - PUERTO MADERO - RETIRO - SAN NICOLAS - SAN TELMO,ESMERALDA 1359,1,-58.37795815,-34.59167894
708,13,BELGRANO - COLEGIALES - NUÃ‘EZ,AV. MOROE Y 3 DE FEBRERO,1,-58.45531707,-34.55555257
709,11,VILLA DEL PARQUE - VILLA  DEVOTO - VILLA GRAL. MITRE - VILLA SANTA RITA,AV. GAONA 3655,1,-58.47633683,-34.62140594
710,1,CONSTITUCION - MONTSERRAT - PUERTO MADERO - RETIRO - SAN NICOLAS - SAN TELMO,AV. 9 DE JULIO Y LAVALLE,1,-58.38188582,-34.60256036
711,10,FLORESTA - MONTE CASTRO - VELEZ SARSFIELD - VERSALLES - VILLA LURO - VILLA REAL,BAIGORRIA Y VICTOR HUGO,1,-58.51989389,-34.62284918
712,3,BALVANERA - SAN CRISTOBAL,AV. RIVADAVIA Y AV. PUEYRREDON,1,-58.4059686,-34.61011987
713,7,FLORES - PARQUE CHACABUCO,AV. RIESTRA Y MOM,1,-58.43353773,-34.64561636
714,9,LINIERS - MATADEROS - PARQUE AVELLANEDA,AU DELLEPIANE Y LACARRA,1,-58.46739825,-34.65117757
715,11,VILLA DEL PARQUE - VILLA  DEVOTO - VILLA GRAL. MITRE - VILLA SANTA RITA,AV. GAONA Y TERRADA,1,-58.47293407,-34.61984745
716,9,LINIERS - MATADEROS - PARQUE AVELLANEDA,AV. EVA PERON 4071,1,-58.47066794,-34.65021673
